Year,Month,Index
1709,Jan,1.667802134
1709,Feb,1.854515041
1709,Mar,1.798485856
1709,Apr,1.828752896
1709,May,1.83411057
1709,Jun,1.848749537
1709,Jul,1.76500762
1709,Aug,1.758421023
1709,Sep,1.68348145
1709,Oct,1.755086222
1709,Nov,1.882306697
1709,Dec,1.821896615
1710,Jan,1.813539291
1710,Feb,1.841632461
1710,Mar,1.795937246
1710,Apr,1.693869736
1710,May,1.663914515
1710,Jun,1.645302496
1710,Jul,1.491297564
1710,Aug,1.617198043
1710,Sep,1.541752233
1710,Oct,1.578248864
1710,Nov,1.580740794
1710,Dec,1.579668277
1711,Jan,1.548975721
1711,Feb,1.561789679
1711,Mar,1.620688299
1711,Apr,1.556047929
1711,May,1.489194994
1711,Jun,1.635300986
1711,Jul,1.666680992
1711,Aug,1.718729518
1711,Sep,1.657320274
1711,Oct,1.656275045
1711,Nov,1.652137579
1711,Dec,1.594806754
1712,Jan,1.641626047
1712,Feb,1.713693358
1712,Mar,1.64867708
1712,Apr,1.634245311
1712,May,1.670681847
1712,Jun,1.656915804
1712,Jul,1.69430714
1712,Aug,1.708172477
1712,Sep,1.831245224
1712,Oct,1.791003411
1712,Nov,1.778429916
1712,Dec,1.831424102
1713,Jan,1.841723284
1713,Feb,1.861431939
1713,Mar,1.896228992
1713,Apr,1.887422448
1713,May,1.920582952
1713,Jun,1.871923919
1713,Jul,1.853928359
1713,Aug,1.889764912
1713,Sep,1.857351505
1713,Oct,1.78636569
1713,Nov,1.773656289
1713,Dec,1.750388139
1714,Jan,1.811991322
1714,Feb,1.817151023
1714,Mar,1.819630004
1714,Apr,1.810669322
1714,May,1.996732834
1714,Jun,1.977627717
1714,Jul,1.965639768
1714,Aug,1.988558392
1714,Sep,1.980970283
1714,Oct,1.987338313
1714,Nov,1.979354549
1714,Dec,1.970318416
1715,Jan,2.034845329
1715,Feb,2.058080735
1715,Mar,2.023446999
1715,Apr,1.944646857
1715,May,2.007598338
1715,Jun,1.934134487
1715,Jul,1.85115298
1715,Aug,1.938380112
1715,Sep,1.948274703
1715,Oct,1.912234554
1715,Nov,1.986685763
1715,Dec,2.003569039
1716,Jan,2.062933504
1716,Feb,2.102474352
1716,Mar,2.045330786
1716,Apr,2.071279835
1716,May,2.114020103
1716,Jun,2.180424431
1716,Jul,2.2901125
1716,Aug,2.232962419
1716,Sep,2.21886936
1716,Oct,2.226918648
1716,Nov,2.190898631
1716,Dec,2.188023955
1717,Jan,2.248637461
1717,Feb,2.349081076
1717,Mar,2.412826087
1717,Apr,2.471209469
1717,May,2.486923356
1717,Jun,2.465045824
1717,Jul,2.468198078
1717,Aug,2.456882558
1717,Sep,2.617072168
1717,Oct,2.621142573
1717,Nov,2.668647452
1717,Dec,2.555268645
1718,Jan,2.595198785
1718,Feb,2.579137395
1718,Mar,2.506736007
1718,Apr,2.525283158
1718,May,2.457553743
1718,Jun,2.397358458
1718,Jul,2.367661652
1718,Aug,2.448485398
1718,Sep,2.63320856
1718,Oct,2.646767572
1718,Nov,2.623239821
1718,Dec,2.437697026
1719,Jan,2.501080468
1719,Feb,2.499090552
1719,Mar,2.542041541
1719,Apr,2.439262164
1719,May,2.493137631
1719,Jun,2.458571888
1719,Jul,2.448198388
1719,Aug,2.558496848
1719,Sep,2.676768803
1719,Oct,2.681426048
1719,Nov,3.002747875
1719,Dec,3.854317112
1720,Jan,4.071845472
1720,Feb,5.856309338
1720,Mar,8.174962093
1720,Apr,7.429090709
1720,May,7.123263855
1720,Jun,4.406409738
1720,Jul,3.311492029
1720,Aug,3.250711011
1720,Sep,3.332004758
1720,Oct,3.103737765
1720,Nov,3.081725441
1720,Dec,2.684856573
1721,Jan,2.682931083
1721,Feb,2.595104885
1721,Mar,2.597096172
1721,Apr,2.903511829
1721,May,2.788461462
1721,Jun,2.358754066
1721,Jul,2.37808306
1721,Aug,2.393186936
1721,Sep,2.424296167
1721,Oct,2.400234193
1721,Nov,2.360842507
1721,Dec,2.267279915
1722,Jan,2.255097218
1722,Feb,2.273526196
1722,Mar,2.309464682
1722,Apr,2.278558809
1722,May,2.255766143
1722,Jun,2.157608618
1722,Jul,2.268894348
1722,Aug,2.25971039
1722,Sep,2.333480096
1722,Oct,2.267162286
1722,Nov,2.268314999
1722,Dec,2.309143815
1723,Jan,2.281376731
1723,Feb,2.338356118
1723,Mar,2.349042505
1723,Apr,2.367338334
1723,May,2.417537331
1723,Jun,2.462621678
1723,Jul,2.454789373
1723,Aug,2.490975974
1723,Sep,2.582976758
1723,Oct,2.57318751
1723,Nov,2.62984961
1723,Dec,2.646403069
1724,Jan,2.606602284
1724,Feb,2.654334998
1724,Mar,2.693141321
1724,Apr,2.65184575
1724,May,2.625803854
1724,Jun,2.6415304
1724,Jul,2.660396025
1724,Aug,2.719245407
1724,Sep,2.716429692
1724,Oct,2.663400215
1724,Nov,2.690387404
1724,Dec,2.668279343
1725,Jan,2.762635416
1725,Feb,2.803756101
1725,Mar,2.83404258
1725,Apr,2.832333509
1725,May,2.925602229
1725,Jun,2.788156583
1725,Jul,2.808464488
1725,Aug,2.790510536
1725,Sep,2.699167932
1725,Oct,2.548241597
1725,Nov,2.48069793
1725,Dec,2.524324142
1726,Jan,2.507185288
1726,Feb,2.475297526
1726,Mar,2.575432173
1726,Apr,2.52471597
1726,May,2.522086985
1726,Jun,2.522553522
1726,Jul,2.357176295
1726,Aug,2.339166471
1726,Sep,2.306222579
1726,Oct,2.428765408
1726,Nov,2.451142735
1726,Dec,2.418885233
1727,Jan,2.543073771
1727,Feb,2.757215384
1727,Mar,2.751174884
1727,Apr,2.718603604
1727,May,2.699927724
1727,Jun,2.69426812
1727,Jul,2.638352059
1727,Aug,2.666459257
1727,Sep,2.642954576
1727,Oct,2.785333021
1727,Nov,2.744115955
1727,Dec,2.765597807
1728,Jan,2.764067009
1728,Feb,2.746936986
1728,Mar,2.698441584
1728,Apr,2.617162292
1728,May,2.720708606
1728,Jun,2.714675515
1728,Jul,2.696408078
1728,Aug,2.650483445
1728,Sep,2.599171628
1728,Oct,2.629767161
1728,Nov,2.63232261
1728,Dec,2.635158338
1729,Jan,2.650830049
1729,Feb,2.68485795
1729,Mar,2.752011508
1729,Apr,2.744645788
1729,May,2.754685667
1729,Jun,2.754554473
1729,Jul,2.752472765
1729,Aug,2.788616791
1729,Sep,2.833648249
1729,Oct,2.811418828
1729,Nov,2.768197129
1729,Dec,2.855748898
1730,Jan,2.833490234
1730,Feb,2.836837244
1730,Mar,2.883304646
1730,Apr,2.826761178
1730,May,2.828245753
1730,Jun,2.865471991
1730,Jul,2.854757131
1730,Aug,2.871791025
1730,Sep,2.876174785
1730,Oct,2.859636406
1730,Nov,2.859341699
1730,Dec,2.9239634
1731,Jan,2.931211539
1731,Feb,2.890633476
1731,Mar,2.915069357
1731,Apr,2.909102408
1731,May,2.922153956
1731,Jun,2.876797885
1731,Jul,2.786559869
1731,Aug,2.841173256
1731,Sep,2.850345937
1731,Oct,2.82924486
1731,Nov,2.79006306
1731,Dec,2.84846345
1732,Jan,2.791560085
1732,Feb,2.793392907
1732,Mar,2.739509017
1732,Apr,2.758459977
1732,May,2.768105816
1732,Jun,2.812441088
1732,Jul,2.733465273
1732,Aug,2.729414496
1732,Sep,2.813729371
1732,Oct,2.786360883
1732,Nov,2.815379217
1732,Dec,2.80772478
1733,Jan,2.753343622
1733,Feb,2.792792205
1733,Mar,2.838910807
1733,Apr,2.763096415
1733,May,2.517576717
1733,Jun,2.462663816
1733,Jul,2.248243635
1733,Aug,2.257353129
1733,Sep,2.349814
1733,Oct,2.290002303
1733,Nov,2.281100741
1733,Dec,2.255324429
1734,Jan,2.273394003
1734,Feb,2.322267997
1734,Mar,2.414970212
1734,Apr,2.373997191
1734,May,2.388052287
1734,Jun,2.434790943
1734,Jul,2.365638083
1734,Aug,2.40711628
1734,Sep,2.465863414
1734,Oct,2.44930862
1734,Nov,2.462184361
1734,Dec,2.474653765
1735,Jan,2.455265323
1735,Feb,2.451832525
1735,Mar,2.404348011
1735,Apr,2.445254925
1735,May,2.441966672
1735,Jun,2.481842192
1735,Jul,2.56857088
1735,Aug,2.7043702
1735,Sep,2.717199096
1735,Oct,2.741003289
1735,Nov,2.78587708
1735,Dec,2.823006231
1736,Jan,2.791703658
1736,Feb,2.819840089
1736,Mar,2.839431239
1736,Apr,2.80482778
1736,May,2.918933831
1736,Jun,2.881344514
1736,Jul,2.848564632
1736,Aug,2.853882889
1736,Sep,2.847230047
1736,Oct,2.859348598
1736,Nov,2.897972926
1736,Dec,2.782023659
1737,Jan,2.882790906
1737,Feb,2.890597001
1737,Mar,2.88343609
1737,Apr,2.825868175
1737,May,2.837607729
1737,Jun,2.838963249
1737,Jul,2.826042773
1737,Aug,2.825377973
1737,Sep,2.820268977
1737,Oct,2.815119145
1737,Nov,2.806348999
1737,Dec,2.780708192
1738,Jan,2.729638874
1738,Feb,2.796998356
1738,Mar,2.761511811
1738,Apr,2.664386675
1738,May,2.799352706
1738,Jun,2.817159075
1738,Jul,2.812071176
1738,Aug,2.823901445
1738,Sep,2.819856954
1738,Oct,2.804004504
1738,Nov,2.762475966
1738,Dec,2.781058802
1739,Jan,2.730288625
1739,Feb,2.754099311
1739,Mar,2.619961028
1739,Apr,2.581860084
1739,May,2.58477565
1739,Jun,2.60727702
1739,Jul,2.560609097
1739,Aug,2.642412197
1739,Sep,2.658012331
1739,Oct,2.624001743
1739,Nov,2.621294515
1739,Dec,2.69011734
1740,Jan,2.687968368
1740,Feb,2.728583285
1740,Mar,2.732398195
1740,Apr,2.726812469
1740,May,2.731911177
1740,Jun,2.618668989
1740,Jul,2.61076924
1740,Aug,2.648810926
1740,Sep,2.651716228
1740,Oct,2.686875267
1740,Nov,2.705977614
1740,Dec,2.702362946
1741,Jan,2.772702424
1741,Feb,2.717268834
1741,Mar,2.730685786
1741,Apr,2.719389288
1741,May,2.75562793
1741,Jun,2.730385678
1741,Jul,2.796998092
1741,Aug,2.739134546
1741,Sep,2.706489243
1741,Oct,2.754116158
1741,Nov,2.69297671
1741,Dec,2.744270079
1742,Jan,2.739559398
1742,Feb,2.82829061
1742,Mar,2.870660574
1742,Apr,2.891597836
1742,May,2.85753392
1742,Jun,2.868875374
1742,Jul,2.884345526
1742,Aug,2.934521502
1742,Sep,2.941385401
1742,Oct,2.940744405
1742,Nov,2.941662846
1742,Dec,2.95633672
1743,Jan,3.002337907
1743,Feb,3.089067618
1743,Mar,3.011849495
1743,Apr,3.052798532
1743,May,2.999090346
1743,Jun,3.023677941
1743,Jul,3.057253095
1743,Aug,3.046004923
1743,Sep,3.0825853
1743,Oct,3.071868931
1743,Nov,2.920050338
1743,Dec,2.812004068
1744,Jan,2.830855152
1744,Feb,2.847551841
1744,Mar,2.914934541
1744,Apr,2.94685025
1744,May,2.92808529
1744,Jun,2.943691985
1744,Jul,2.942734632
1744,Aug,2.989374077
1744,Sep,2.985328916
1744,Oct,2.93706402
1744,Nov,2.934323328
1744,Dec,2.947813578
1745,Jan,2.99143417
1745,Feb,2.991272449
1745,Mar,2.992906824
1745,Apr,2.914374126
1745,May,2.838302097
1745,Jun,2.776353511
1745,Jul,2.777739561
1745,Aug,2.706848911
1745,Sep,2.55649258
1745,Oct,2.525424555
1745,Nov,2.463696183
1745,Dec,2.518071634
1746,Jan,2.628217625
1746,Feb,2.639142375
1746,Mar,2.712370957
1746,Apr,2.821166561
1746,May,2.876334892
1746,Jun,2.873970207
1746,Jul,2.79748174
1746,Aug,2.730565311
1746,Sep,2.693137669
1746,Oct,2.752205043
1746,Nov,2.735090149
1746,Dec,2.735683516
1747,Jan,2.654549005
1747,Feb,2.620340099
1747,Mar,2.713199275
1747,Apr,2.654589653
1747,May,2.670335058
1747,Jun,2.646063469
1747,Jul,2.609674461
1747,Aug,2.613165517
1747,Sep,2.629269779
1747,Oct,2.604540559
1747,Nov,2.555434117
1747,Dec,2.495949248
1748,Jan,2.764791275
1748,Feb,2.808625779
1748,Mar,2.887195182
1748,Apr,2.845011307
1748,May,2.831119699
1748,Jun,2.845820916
1748,Jul,2.800963213
1748,Aug,2.819872494
1748,Sep,2.787029509
1748,Oct,2.806959843
1748,Nov,2.819255016
1748,Dec,2.841408041
1749,Jan,2.831395659
1749,Feb,2.997598944
1749,Mar,3.003232266
1749,Apr,3.013986866
1749,May,3.059351615
1749,Jun,3.071206258
1749,Jul,3.035001845
1749,Aug,2.937099633
1749,Sep,2.945299158
1749,Oct,2.953953623
1749,Nov,2.944658201
1749,Dec,2.945876603
1750,Jan,2.915250466
1750,Feb,2.940642294
1750,Mar,2.969973584
1750,Apr,2.948444996
1750,May,2.961357346
1750,Jun,2.974828297
1750,Jul,2.967646897
1750,Aug,2.989933806
1750,Sep,2.990456243
1750,Oct,2.959213844
1750,Nov,2.958815276
1750,Dec,3.005721711
1751,Jan,3.004392712
1751,Feb,3.052883475
1751,Mar,3.091775844
1751,Apr,2.991980508
1751,May,3.036811451
1751,Jun,3.063499144
1751,Jul,3.03576076
1751,Aug,3.075252692
1751,Sep,3.08838436
1751,Oct,3.086339921
1751,Nov,3.069316854
1751,Dec,3.087094718
1752,Jan,3.099138709
1752,Feb,3.140343656
1752,Mar,3.168782272
1752,Apr,3.149574069
1752,May,3.145258594
1752,Jun,3.180970418
1752,Jul,3.152167064
1752,Aug,3.16065779
1752,Sep,3.191995003
1752,Oct,3.156182547
1752,Nov,3.148543138
1752,Dec,3.148428135
1753,Jan,3.129280544
1753,Feb,3.134315299
1753,Mar,3.134293138
1753,Apr,3.113835579
1753,May,3.092668979
1753,Jun,3.103381261
1753,Jul,3.070532248
1753,Aug,3.088988713
1753,Sep,3.09909802
1753,Oct,3.051622891
1753,Nov,3.032898006
1753,Dec,3.01761821
1754,Jan,3.041449462
1754,Feb,3.051319448
1754,Mar,3.064624523
1754,Apr,3.034212906
1754,May,3.023136826
1754,Jun,3.00818168
1754,Jul,2.97585862
1754,Aug,2.974793583
1754,Sep,2.99678357
1754,Oct,2.89423079
1754,Nov,2.898651989
1754,Dec,2.860232914
1755,Jan,2.817615003
1755,Feb,2.850094363
1755,Mar,2.839301499
1755,Apr,2.713753997
1755,May,2.694315799
1755,Jun,2.718379098
1755,Jul,2.686745674
1755,Aug,2.607913194
1755,Sep,2.621914714
1755,Oct,2.556820258
1755,Nov,2.539862227
1755,Dec,2.538379529
1756,Jan,2.526192394
1756,Feb,2.489514588
1756,Mar,2.46730591
1756,Apr,2.457478231
1756,May,2.441695656
1756,Jun,2.449593253
1756,Jul,2.435321043
1756,Aug,2.44454902
1756,Sep,2.462878296
1756,Oct,2.446357293
1756,Nov,2.468232607
1756,Dec,2.507466765
1757,Jan,2.486990512
1757,Feb,2.532566457
1757,Mar,2.482629605
1757,Apr,2.483717337
1757,May,2.49714412
1757,Jun,2.555101726
1757,Jul,2.545264024
1757,Aug,2.542725747
1757,Sep,2.511592186
1757,Oct,2.518112954
1757,Nov,2.605800682
1757,Dec,2.640298524
1758,Jan,2.60494316
1758,Feb,2.608810211
1758,Mar,2.629194385
1758,Apr,2.557210865
1758,May,2.481235298
1758,Jun,2.49894221
1758,Jul,2.460953622
1758,Aug,2.476454782
1758,Sep,2.471969402
1758,Oct,2.461616337
1758,Nov,2.432817928
1758,Dec,2.402859931
1759,Jan,2.35159923
1759,Feb,2.326572154
1759,Mar,2.308232585
1759,Apr,2.267890229
1759,May,2.32206625
1759,Jun,2.336824271
1759,Jul,2.348613253
1759,Aug,2.402438634
1759,Sep,2.454784825
1759,Oct,2.372855698
1759,Nov,2.327663593
1759,Dec,2.36608022
1760,Jan,2.366058023
1760,Feb,2.366220957
1760,Mar,2.406624228
1760,Apr,2.384455131
1760,May,2.401050201
1760,Jun,2.403355892
1760,Jul,2.405082305
1760,Aug,2.347783674
1760,Sep,2.338631704
1760,Oct,2.291238863
1760,Nov,2.253266745
1760,Dec,2.301228193
1761,Jan,2.48753057
1761,Feb,2.491439529
1761,Mar,2.466732213
1761,Apr,2.438793944
1761,May,2.372376557
1761,Jun,2.329678692
1761,Jul,2.211228533
1761,Aug,2.165625845
1761,Sep,2.057241458
1761,Oct,1.970156952
1761,Nov,1.980201543
1761,Dec,2.029455182
1762,Jan,2.041434206
1762,Feb,2.061774887
1762,Mar,2.06674001
1762,Apr,2.102458116
1762,May,2.336025626
1762,Jun,2.39971814
1762,Jul,2.363769539
1762,Aug,2.60126638
1762,Sep,2.673944597
1762,Oct,2.699410231
1762,Nov,2.814785038
1762,Dec,2.842610477
1763,Jan,2.810042846
1763,Feb,2.777154878
1763,Mar,2.773964134
1763,Apr,2.692451798
1763,May,2.60036763
1763,Jun,2.547647575
1763,Jul,2.484338815
1763,Aug,2.524079868
1763,Sep,2.555257788
1763,Oct,2.527257529
1763,Nov,2.558986747
1763,Dec,2.55565069
1764,Jan,2.553271755
1764,Feb,2.510079427
1764,Mar,2.520064119
1764,Apr,2.484127155
1764,May,2.470443392
1764,Jun,2.522671046
1764,Jul,2.552000264
1764,Aug,2.57991971
1764,Sep,2.657412039
1764,Oct,2.628234426
1764,Nov,2.651449025
1764,Dec,2.67689721
1765,Jan,2.686350883
1765,Feb,2.687891055
1765,Mar,2.753031318
1765,Apr,2.809725704
1765,May,2.814532873
1765,Jun,2.861218145
1765,Jul,2.843797593
1765,Aug,2.841110776
1765,Sep,2.856235209
1765,Oct,2.837257
1765,Nov,2.811287257
1765,Dec,2.81635838
1766,Jan,2.883005678
1766,Feb,2.960210992
1766,Mar,2.95243002
1766,Apr,3.068805454
1766,May,3.086294688
1766,Jun,3.177417173
1766,Jul,3.154645079
1766,Aug,3.136171149
1766,Sep,3.169134978
1766,Oct,3.236282488
1766,Nov,3.249313436
1766,Dec,3.288502823
1767,Jan,3.368743477
1767,Feb,3.334999781
1767,Mar,3.403510225
1767,Apr,3.364861575
1767,May,3.468469767
1767,Jun,3.538699712
1767,Jul,3.547979198
1767,Aug,3.559202077
1767,Sep,3.599054652
1767,Oct,3.579437809
1767,Nov,3.621909037
1767,Dec,3.693474437
1768,Jan,3.66341966
1768,Feb,3.7257296
1768,Mar,3.724094811
1768,Apr,3.597752285
1768,May,3.655294269
1768,Jun,3.609595113
1768,Jul,3.647526135
1768,Aug,3.572979294
1768,Sep,3.628966074
1768,Oct,3.595820018
1768,Nov,3.612318068
1768,Dec,3.641259674
1769,Jan,3.603607328
1769,Feb,3.458326156
1769,Mar,3.505551312
1769,Apr,3.457814986
1769,May,3.445057468
1769,Jun,3.390358085
1769,Jul,3.364062341
1769,Aug,3.261228921
1769,Sep,3.280899103
1769,Oct,3.150507777
1769,Nov,3.250536728
1769,Dec,3.273262385
1770,Jan,3.258583941
1770,Feb,3.382335098
1770,Mar,3.245573751
1770,Apr,3.223696706
1770,May,3.241616677
1770,Jun,3.03448836
1770,Jul,2.933301184
1770,Aug,2.822728708
1770,Sep,2.845284753
1770,Oct,3.107978962
1770,Nov,3.299699806
1770,Dec,3.182310179
1771,Jan,3.269510067
1771,Feb,3.333368407
1771,Mar,3.328443968
1771,Apr,3.281417788
1771,May,3.274926512
1771,Jun,3.227317804
1771,Jul,3.236741892
1771,Aug,3.22029368
1771,Sep,3.36078973
1771,Oct,3.286630113
1771,Nov,3.246340546
1771,Dec,3.265540749
1772,Jan,3.220526473
1772,Feb,3.295014316
1772,Mar,3.192029117
1772,Apr,3.187502505
1772,May,3.161276494
1772,Jun,3.072727448
1772,Jul,2.978510077
1772,Aug,2.903740125
1772,Sep,2.870350509
1772,Oct,2.843668878
1772,Nov,2.857539126
1772,Dec,2.791540638
1773,Jan,2.722376024
1773,Feb,2.701911573
1773,Mar,2.742312144
1773,Apr,2.76498807
1773,May,2.787847901
1773,Jun,2.797044673
1773,Jul,2.74409779
1773,Aug,2.696927653
1773,Sep,2.707231555
1773,Oct,2.680952691
1773,Nov,2.689741111
1773,Dec,2.71380731
1774,Jan,2.729326732
1774,Feb,2.805445341
1774,Mar,2.824602092
1774,Apr,2.799174196
1774,May,2.797867834
1774,Jun,2.805063101
1774,Jul,2.772973925
1774,Aug,2.815066841
1774,Sep,2.855053723
1774,Oct,2.855876636
1774,Nov,2.867845101
1774,Dec,2.943858952
1775,Jan,2.857840596
1775,Feb,2.851737289
1775,Mar,2.833244715
1775,Apr,2.791473586
1775,May,2.839499571
1775,Jun,2.861580525
1775,Jul,2.842966108
1775,Aug,2.920579591
1775,Sep,2.919386052
1775,Oct,2.886134619
1775,Nov,2.861731215
1775,Dec,2.852125569
1776,Jan,2.836483048
1776,Feb,2.806773543
1776,Mar,2.843807097
1776,Apr,2.785504078
1776,May,2.85695841
1776,Jun,2.876109162
1776,Jul,2.824052431
1776,Aug,2.84832412
1776,Sep,2.863006382
1776,Oct,2.818706393
1776,Nov,2.80422257
1776,Dec,2.792118643
1777,Jan,2.786090866
1777,Feb,2.820170164
1777,Mar,2.808977143
1777,Apr,2.682347983
1777,May,2.709787514
1777,Jun,2.738385232
1777,Jul,2.753413599
1777,Aug,2.735179095
1777,Sep,2.616728981
1777,Oct,2.554311943
1777,Nov,2.424727326
1777,Dec,2.190382629
1778,Jan,2.182977291
1778,Feb,2.250377232
1778,Mar,2.27183622
1778,Apr,2.255905361
1778,May,2.314711203
1778,Jun,2.328630648
1778,Jul,2.347621025
1778,Aug,2.293794975
1778,Sep,2.25472095
1778,Oct,2.254565991
1778,Nov,2.265448615
1778,Dec,2.38260418
1779,Jan,2.422145902
1779,Feb,2.433947845
1779,Mar,2.298583471
1779,Apr,2.256162516
1779,May,2.291892263
1779,Jun,2.317627376
1779,Jul,2.316728775
1779,Aug,2.307826239
1779,Sep,2.321703876
1779,Oct,2.349393958
1779,Nov,2.375650947
1779,Dec,2.392775122
1780,Jan,2.397467959
1780,Feb,2.359180935
1780,Mar,2.373299736
1780,Apr,2.446433436
1780,May,2.389785054
1780,Jun,2.367188656
1780,Jul,2.364973268
1780,Aug,2.347355935
1780,Sep,2.382856071
1780,Oct,2.289037713
1780,Nov,2.268647383
1780,Dec,2.295057809
1781,Jan,2.318172424
1781,Feb,2.299502366
1781,Mar,2.34431386
1781,Apr,2.234006601
1781,May,2.269394556
1781,Jun,2.273284297
1781,Jul,2.218281069
1781,Aug,2.456561274
1781,Sep,2.249986265
1781,Oct,2.21902173
1781,Nov,2.19370085
1781,Dec,2.219409414
1782,Jan,2.27178986
1782,Feb,2.287129542
1782,Mar,2.283674499
1782,Apr,2.221403426
1782,May,2.203221399
1782,Jun,2.243230661
1782,Jul,2.265083025
1782,Aug,2.299395104
1782,Sep,2.397872079
1782,Oct,2.497638419
1782,Nov,2.54436995
1782,Dec,2.579029831
1783,Jan,2.538789944
1783,Feb,2.519701298
1783,Mar,2.492588358
1783,Apr,2.464321791
1783,May,2.452796968
1783,Jun,2.421950896
1783,Jul,2.381526085
1783,Aug,2.221709546
1783,Sep,2.231694304
1783,Oct,2.220425854
1783,Nov,2.2352207
1783,Dec,2.264719317
1784,Jan,2.235365784
1784,Feb,2.230184
1784,Mar,2.213517305
1784,Apr,2.212108904
1784,May,2.245439026
1784,Jun,2.19048625
1784,Jul,2.185679688
1784,Aug,2.218826388
1784,Sep,2.250698632
1784,Oct,2.286477986
1784,Nov,2.250894902
1784,Dec,2.260722293
1785,Jan,2.271063459
1785,Feb,2.303010172
1785,Mar,2.331733648
1785,Apr,2.325099405
1785,May,2.381729228
1785,Jun,2.449464726
1785,Jul,2.54972607
1785,Aug,2.726849095
1785,Sep,2.75539257
1785,Oct,2.814227671
1785,Nov,2.787482036
1785,Dec,2.738671383
1786,Jan,2.726844408
1786,Feb,2.827891006
1786,Mar,2.823092205
1786,Apr,2.892007289
1786,May,3.025556021
1786,Jun,2.969889125
1786,Jul,2.933035836
1786,Aug,2.889871071
1786,Sep,2.91885242
1786,Oct,2.889473837
1786,Nov,2.927298499
1786,Dec,2.989101247
1787,Jan,2.994337872
1787,Feb,3.005387444
1787,Mar,2.930471573
1787,Apr,2.868208789
1787,May,2.966677174
1787,Jun,2.835404986
1787,Jul,2.933002314
1787,Aug,3.052318006
1787,Sep,3.130917002
1787,Oct,3.035036789
1787,Nov,3.004482693
1787,Dec,3.161696554
1788,Jan,3.15371173
1788,Feb,3.121362026
1788,Mar,3.134296681
1788,Apr,3.088412017
1788,May,3.089949871
1788,Jun,3.097682719
1788,Jul,3.106181254
1788,Aug,3.057810432
1788,Sep,3.048653157
1788,Oct,2.997814518
1788,Nov,3.100686863
1788,Dec,3.109809148
1789,Jan,3.125948917
1789,Feb,3.156000355
1789,Mar,3.198176953
1789,Apr,3.250760764
1789,May,3.29324198
1789,Jun,3.323545492
1789,Jul,3.284121854
1789,Aug,3.237148871
1789,Sep,3.236063249
1789,Oct,3.251404718
1789,Nov,3.234482202
1789,Dec,3.273011305
1790,Jan,3.26151371
1790,Feb,2.943718519
1790,Mar,2.984755227
1790,Apr,3.014204402
1790,May,3.138478853
1790,Jun,3.101661309
1790,Jul,2.977690587
1790,Aug,3.200671138
1790,Sep,3.245036318
1790,Oct,3.226790962
1790,Nov,3.222389195
1790,Dec,3.069847221
1791,Jan,3.194546328
1791,Feb,3.195372663
1791,Mar,3.027169338
1791,Apr,3.291121362
1791,May,3.515966119
1791,Jun,3.612400176
1791,Jul,3.531220661
1791,Aug,3.489793735
1791,Sep,3.530860843
1791,Oct,3.654096793
1791,Nov,3.898985672
1791,Dec,3.953861297
1792,Jan,3.77241542
1792,Feb,3.757790168
1792,Mar,3.787015063
1792,Apr,3.793115054
1792,May,3.667694664
1792,Jun,3.773879376
1792,Jul,3.739202413
1792,Aug,3.243031875
1792,Sep,3.279324316
1792,Oct,3.229480617
1792,Nov,3.266873667
1792,Dec,3.459082701
1793,Jan,3.466813247
1793,Feb,3.467929868
1793,Mar,3.487211163
1793,Apr,3.536165128
1793,May,3.488988373
1793,Jun,3.435081435
1793,Jul,3.39539773
1793,Aug,3.455052866
1793,Sep,3.403362397
1793,Oct,3.335041809
1793,Nov,3.287816279
1793,Dec,3.306760927
1794,Jan,3.423443205
1794,Feb,3.420163094
1794,Mar,3.322371006
1794,Apr,3.331546158
1794,May,3.308145444
1794,Jun,3.296109355
1794,Jul,3.256914548
1794,Aug,3.202733207
1794,Sep,3.252645579
1794,Oct,3.071874382
1794,Nov,3.056357441
1794,Dec,3.161007915
1795,Jan,3.22523812
1795,Feb,3.280968389
1795,Mar,3.334661923
1795,Apr,3.342867516
1795,May,3.360790515
1795,Jun,3.38845883
1795,Jul,3.344705262
1795,Aug,3.380798079
1795,Sep,3.584767797
1795,Oct,3.556297861
1795,Nov,3.527599085
1795,Dec,3.57907913
1796,Jan,3.404600498
1796,Feb,3.241589208
1796,Mar,3.185928736
1796,Apr,3.0622133
1796,May,2.893698866
1796,Jun,2.955815076
1796,Jul,2.947008678
1796,Aug,2.927211308
1796,Sep,2.833115764
1796,Oct,2.87832517
1796,Nov,2.723082577
1796,Dec,2.534356393
1797,Jan,2.493887494
1797,Feb,2.380163965
1797,Mar,2.651016849
1797,Apr,2.746538291
1797,May,2.66070897
1797,Jun,2.560624209
1797,Jul,2.467925398
1797,Aug,2.445799919
1797,Sep,2.541868621
1797,Oct,2.439974779
1797,Nov,2.484665429
1797,Dec,2.494369576
1798,Jan,2.434073829
1798,Feb,2.455299737
1798,Mar,2.456395791
1798,Apr,2.506279484
1798,May,2.566207616
1798,Jun,2.585714262
1798,Jul,2.794204642
1798,Aug,2.689184225
1798,Sep,2.78289822
1798,Oct,2.780006738
1798,Nov,2.811832291
1798,Dec,2.754024241
1799,Jan,2.830332433
1799,Feb,2.862798011
1799,Mar,3.105973697
1799,Apr,3.317261797
1799,May,3.456230545
1799,Jun,3.302149502
1799,Jul,3.25316528
1799,Aug,3.268088541
1799,Sep,3.247430685
1799,Oct,3.224573967
1799,Nov,3.341091168
1799,Dec,3.423868495
1800,Jan,3.398134461
1800,Feb,3.410975933
1800,Mar,3.424997313
1800,Apr,3.427434275
1800,May,3.468578321
1800,Jun,3.541439077
1800,Jul,3.418119593
1800,Aug,3.419216716
1800,Sep,3.368506995
1800,Oct,3.149858378
1800,Nov,3.119646365
1800,Dec,3.267833358
1801,Jan,3.366110498
1801,Feb,3.394907099
1801,Mar,3.405927879
1801,Apr,3.32080241
1801,May,3.393492629
1801,Jun,3.342747937
1801,Jul,3.75340343
1801,Aug,3.719956398
1801,Sep,3.752721715
1801,Oct,3.738057674
1801,Nov,3.755866339
1801,Dec,3.769808642
1802,Jan,3.896098476
1802,Feb,3.707261028
1802,Mar,3.793951035
1802,Apr,3.66040266
1802,May,3.592018459
1802,Jun,3.661490633
1802,Jul,3.561660038
1802,Aug,3.532601015
1802,Sep,3.738314429
1802,Oct,3.682261272
1802,Nov,3.752848853
1802,Dec,3.48963182
1803,Jan,3.487918532
1803,Feb,3.035724829
1803,Mar,2.936637407
1803,Apr,2.725622425
1803,May,2.841096107
1803,Jun,2.823772351
1803,Jul,2.826937398
1803,Aug,2.895135685
1803,Sep,2.941378927
1803,Oct,3.035075857
1803,Nov,3.008171427
1803,Dec,3.013054822
1804,Jan,2.968730853
1804,Feb,2.987329278
1804,Mar,3.060572391
1804,Apr,3.139512532
1804,May,3.130203173
1804,Jun,3.151259869
1804,Jul,3.165655495
1804,Aug,3.242746184
1804,Sep,3.281272211
1804,Oct,3.412702311
1804,Nov,3.378780139
1804,Dec,3.337159406
1805,Jan,3.269447178
1805,Feb,3.293191766
1805,Mar,3.365784221
1805,Apr,3.399566172
1805,May,3.307907169
1805,Jun,3.507436963
1805,Jul,3.517254544
1805,Aug,3.579012399
1805,Sep,3.602791259
1805,Oct,3.572013355
1805,Nov,3.59294369
1805,Dec,3.637191765
1806,Jan,3.64423892
1806,Feb,3.6547754
1806,Mar,3.754308343
1806,Apr,3.699655318
1806,May,3.785664825
1806,Jun,3.805847313
1806,Jul,3.686032755
1806,Aug,3.639980664
1806,Sep,3.637816514
1806,Oct,3.71320721
1806,Nov,3.813739806
1806,Dec,3.819821916
1807,Jan,3.902271624
1807,Feb,3.88133669
1807,Mar,3.909182405
1807,Apr,3.770116108
1807,May,3.788969465
1807,Jun,3.751387058
1807,Jul,3.687928354
1807,Aug,3.753263805
1807,Sep,3.742861189
1807,Oct,3.692406004
1807,Nov,3.738862131
1807,Dec,3.741501382
1808,Jan,3.865028531
1808,Feb,3.851745714
1808,Mar,3.918082722
1808,Apr,3.96528316
1808,May,3.872424705
1808,Jun,3.882530197
1808,Jul,3.849721931
1808,Aug,3.871261379
1808,Sep,3.905718082
1808,Oct,3.960506098
1808,Nov,3.987112279
1808,Dec,3.986461881
1809,Jan,3.99605227
1809,Feb,4.060876269
1809,Mar,4.21355862
1809,Apr,4.139686294
1809,May,4.182679058
1809,Jun,4.201695424
1809,Jul,4.339294611
1809,Aug,4.377327433
1809,Sep,4.36442975
1809,Oct,4.27037508
1809,Nov,4.232525222
1809,Dec,4.242070201
1810,Jan,4.180714872
1810,Feb,4.20551448
1810,Mar,4.180419073
1810,Apr,4.193725826
1810,May,4.047715705
1810,Jun,3.966568156
1810,Jul,4.032245538
1810,Aug,3.975025821
1810,Sep,3.958779001
1810,Oct,3.886487872
1810,Nov,3.900554788
1810,Dec,3.882002803
1811,Jan,3.817070856
1811,Feb,3.75213891
1811,Mar,3.710396944
1811,Apr,3.589809044
1811,May,3.381099216
1811,Jun,3.427479177
1811,Jul,3.450669158
1811,Aug,3.446031162
1811,Sep,3.381099216
1811,Oct,3.395013204
1811,Nov,3.432117174
1811,Dec,3.483135132
1812,Jan,3.455307154
1812,Feb,3.3996512
1812,Mar,3.362547231
1812,Apr,3.306891277
1812,May,3.237321334
1812,Jun,3.190941372
1812,Jul,3.163113395
1812,Aug,3.130647422
1812,Sep,3.130647422
1812,Oct,3.079629464
1812,Nov,3.102819445
1812,Dec,3.163113395
1813,Jan,3.153837403
1813,Feb,3.163113395
1813,Mar,3.167751391
1813,Apr,3.112095437
1813,May,3.107457441
1813,Jun,3.116733433
1813,Jul,3.130647422
1813,Aug,3.112095437
1813,Sep,3.121371429
1813,Oct,3.18166538
1813,Nov,3.265149311
1813,Dec,3.353271238
1814,Jan,3.367185227
1814,Feb,3.371823223
1814,Mar,3.362547231
1814,Apr,3.320805265
1814,May,3.283701296
1814,Jun,3.251235322
1814,Jul,3.218769349
1814,Aug,3.204855361
1814,Sep,3.195579368
1814,Oct,3.200217364
1814,Nov,3.209493357
1814,Dec,3.190941372
1815,Jan,3.153837403
1815,Feb,3.074991468
1815,Mar,3.056439483
1815,Apr,3.014697517
1815,May,2.968317555
1815,Jun,2.898747613
1815,Jul,2.870919636
1815,Aug,2.931213586
1815,Sep,2.996145533
1815,Oct,2.959041563
1815,Nov,2.931213586
1815,Dec,2.847729655
1816,Jan,2.838453662
1816,Feb,2.796711697
1816,Mar,2.796711697
1816,Apr,2.782797708
1816,May,2.643657823
1816,Jun,2.541621907
1816,Jul,2.555535895
1816,Aug,2.583363872
1816,Sep,2.63438183
1816,Oct,2.606553853
1816,Nov,2.606553853
1816,Dec,2.676123796
1817,Jan,2.708589769
1817,Feb,2.824539674
1817,Mar,2.861643643
1817,Apr,2.954403567
1817,May,3.102819445
1817,Jun,3.08426746
1817,Jul,3.153837403
1817,Aug,3.297615284
1817,Sep,3.487773128
1817,Oct,3.510963109
1817,Nov,3.534153089
1817,Dec,3.55734307
1818,Jan,3.585171047
1818,Feb,3.599085036
1818,Mar,3.599085036
1818,Apr,3.571257059
1818,May,3.571257059
1818,Jun,3.552705074
1818,Jul,3.585171047
1818,Aug,3.603723032
1818,Sep,3.682568967
1818,Oct,3.664016983
1818,Nov,3.673292975
1818,Dec,3.626913013
1819,Jan,3.622275017
1819,Feb,3.631551009
1819,Mar,3.622275017
1819,Apr,3.552705074
1819,May,3.524877097
1819,Jun,3.515601105
1819,Jul,3.483135132
1819,Aug,3.427479177
1819,Sep,3.381099216
1819,Oct,3.348633242
1819,Nov,3.357909235
1819,Dec,3.357909235
1820,Jan,3.390375208
1820,Feb,3.385737212
1820,Mar,3.422841181
1820,Apr,3.3996512
1820,May,3.418203185
1820,Jun,3.418203185
1820,Jul,3.404289196
1820,Aug,3.418203185
1820,Sep,3.487773128
1820,Oct,3.432117174
1820,Nov,3.464583147
1820,Dec,3.510963109
1821,Jan,3.510963109
1821,Feb,3.529515093
1821,Mar,3.585171047
1821,Apr,3.571257059
1821,May,3.585171047
1821,Jun,3.585171047
1821,Jul,3.566619063
1821,Aug,3.608361028
1821,Sep,3.645464998
1821,Oct,3.664016983
1821,Nov,3.659378986
1821,Dec,3.733586925
1822,Jan,3.803156868
1822,Feb,3.835622841
1822,Mar,3.835622841
1822,Apr,3.844898834
1822,May,3.863450818
1822,Jun,3.891278795
1822,Jul,3.933020761
1822,Aug,3.965486734
1822,Sep,3.988676715
1822,Oct,3.956210742
1822,Nov,3.937658757
1822,Dec,3.858812822
1823,Jan,3.844898834
1823,Feb,3.94693475
1823,Mar,4.0072287
1823,Apr,4.039694673
1823,May,4.099988623
1823,Jun,4.137092593
1823,Jul,4.178834559
1823,Aug,4.280870475
1823,Sep,4.35971641
1823,Oct,4.494218299
1823,Nov,4.633358184
1823,Dec,4.721480112
1824,Jan,4.814240035
1824,Feb,4.869895989
1824,Mar,4.962655913
1824,Apr,4.958017917
1824,May,5.004397879
1824,Jun,5.041501848
1824,Jul,5.018311867
1824,Aug,4.944103928
1824,Sep,4.823516028
1824,Oct,4.582340226
1824,Nov,4.573064234
1824,Dec,4.665824158
1825,Jan,4.595836795
1825,Feb,4.539846905
1825,Mar,4.642495037
1825,Apr,4.628497564
1825,May,4.628497564
1825,Jun,4.493188664
1825,Jul,4.502520312
1825,Aug,4.437198774
1825,Sep,4.367211411
1825,Oct,4.301889873
1825,Nov,4.091927786
1825,Dec,3.984613831
1826,Jan,3.951953061
1826,Feb,3.895963172
1826,Mar,3.877299875
1826,Apr,3.84930493
1826,May,3.84930493
1826,Jun,3.830641633
1826,Jul,3.891297347
1826,Aug,4.021940424
1826,Sep,4.0172746
1826,Oct,3.979948006
1826,Nov,3.998611303
1826,Dec,4.003277127
1827,Jan,4.0172746
1827,Feb,4.0172746
1827,Mar,4.04060372
1827,Apr,4.063932841
1827,May,4.026606248
1827,Jun,4.059267017
1827,Jul,4.082596138
1827,Aug,4.110591083
1827,Sep,4.105925259
1827,Oct,4.054601193
1827,Nov,4.045269545
1827,Dec,4.063932841
1828,Jan,4.09659361
1828,Feb,4.110591083
1828,Mar,4.143251852
1828,Apr,4.105925259
1828,May,4.101259434
1828,Jun,4.110591083
1828,Jul,4.124588555
1828,Aug,4.119922731
1828,Sep,4.110591083
1828,Oct,4.059267017
1828,Nov,4.054601193
1828,Dec,4.035937896
1829,Jan,4.007942951
1829,Feb,4.012608775
1829,Mar,4.021940424
1829,Apr,4.026606248
1829,May,4.045269545
1829,Jun,4.082596138
1829,Jul,4.133920204
1829,Aug,4.199241742
1829,Sep,4.189910093
1829,Oct,4.129254379
1829,Nov,4.110591083
1829,Dec,4.133920204
1830,Jan,4.217905038
1830,Feb,4.259897456
1830,Mar,4.357879763
1830,Apr,4.301889873
1830,May,4.339216466
1830,Jun,4.255231632
1830,Jul,4.166580973
1830,Aug,4.026606248
1830,Sep,3.989279655
1830,Oct,3.933289765
1830,Nov,3.90529482
1830,Dec,3.844639106
1831,Jan,3.839973282
1831,Feb,3.853970754
1831,Mar,3.853970754
1831,Apr,3.811978337
1831,May,3.79331504
1831,Jun,3.788649216
1831,Jul,3.797980864
1831,Aug,3.79331504
1831,Sep,3.79331504
1831,Oct,3.830641633
1831,Nov,3.863302402
1831,Dec,3.891297347
1832,Jan,3.919292292
1832,Feb,3.933289765
1832,Mar,3.96128471
1832,Apr,3.96128471
1832,May,3.979948006
1832,Jun,3.979948006
1832,Jul,3.979948006
1832,Aug,4.04060372
1832,Sep,4.04060372
1832,Oct,4.012608775
1832,Nov,4.04060372
1832,Dec,4.110591083
1833,Jan,4.185244269
1833,Feb,4.222570863
1833,Mar,4.26456328
1833,Apr,4.297224049
1833,May,4.325218994
1833,Jun,4.357879763
1833,Jul,4.339216466
1833,Aug,4.329884818
1833,Sep,4.334550642
1833,Oct,4.353213939
1833,Nov,4.381208884
1833,Dec,4.381208884
1834,Jan,4.371877236
1834,Feb,4.399872181
1834,Mar,4.446530422
1834,Apr,4.460527895
1834,May,4.460527895
1834,Jun,4.437198774
1834,Jul,4.437198774
1834,Aug,4.45586207
1834,Sep,4.460527895
1834,Oct,4.479191191
1834,Nov,4.469859543
1834,Dec,4.479191191
1835,Jan,4.521183609
1835,Feb,4.544512729
1835,Mar,4.493188664
1835,Apr,4.577173499
1835,May,4.586505147
1835,Jun,4.637829213
1835,Jul,4.712482399
1835,Aug,4.749808992
1835,Sep,4.787135586
1835,Oct,4.92711031
1835,Nov,5.029758442
1835,Dec,5.146404046
1836,Jan,5.20705976
1836,Feb,5.323705364
1836,Mar,5.305042067
1836,Apr,5.249052177
1836,May,5.309707891
1836,Jun,5.295710419
1836,Jul,5.281712946
1836,Aug,5.225723056
1836,Sep,5.31903954
1836,Oct,5.295710419
1836,Nov,5.267715474
1836,Dec,5.26304965
1837,Jan,5.225723056
1837,Feb,5.309707891
1837,Mar,5.379695254
1837,Apr,5.468345913
1837,May,5.477677561
1837,Jun,5.542999099
1837,Jul,5.524335802
1837,Aug,5.584991517
1837,Sep,5.62231811
1837,Oct,5.832280197
1837,Nov,6.009581515
1837,Dec,6.074903053
1838,Jan,6.088900526
1838,Feb,6.144890415
1838,Mar,6.14955624
1838,Apr,6.144890415
1838,May,6.140224591
1838,Jun,6.224209426
1838,Jul,6.252204371
1838,Aug,6.303528437
1838,Sep,6.308194261
1838,Oct,6.336189206
1838,Nov,6.415508217
1838,Dec,6.354852503
1839,Jan,6.345520854
1839,Feb,6.331523382
1839,Mar,6.364184151
1839,Apr,6.392179096
1839,May,6.331523382
1839,Jun,6.312860085
1839,Jul,6.289530964
1839,Aug,6.219543602
1839,Sep,6.224209426
1839,Oct,6.401510744
1839,Nov,6.504158876
1839,Dec,6.518156348
1840,Jan,6.704789314
1840,Feb,6.933414698
1840,Mar,7.101384368
1840,Apr,7.050060302
1840,May,6.900753929
1840,Jun,6.816769094
1840,Jul,6.662796897
1840,Aug,6.704789314
1840,Sep,6.784108325
1840,Oct,6.858761512
1840,Nov,6.732784259
1840,Dec,6.728118435
1841,Jan,6.882090632
1841,Feb,6.802771622
1841,Mar,6.751447556
1841,Apr,6.672128545
1841,May,6.6441336
1841,Jun,6.583477886
1841,Jul,6.569480414
1841,Aug,6.606807007
1841,Sep,6.6441336
1841,Oct,6.784108325
1841,Nov,6.770110853
1841,Dec,6.877424808
1842,Jan,6.989404588
1842,Feb,6.966075467
1842,Mar,6.900753929
1842,Apr,6.840098215
1842,May,6.830766567
1842,Jun,6.849429863
1842,Jul,6.821434918
1842,Aug,6.905419753
1842,Sep,6.994070412
1842,Oct,7.087386895
1842,Nov,7.162040082
1842,Dec,7.302014807
1843,Jan,7.358004696
1843,Feb,7.348673048
1843,Mar,7.3393414
1843,Apr,7.381333817
1843,May,7.446655355
1843,Jun,7.511976894
1843,Jul,7.651951618
1843,Aug,7.81058964
1843,Sep,8.11386821
1843,Oct,8.24917711
1843,Nov,8.235179638
1843,Dec,8.515129087
1844,Jan,8.594448098
1844,Feb,8.627108867
1844,Mar,8.622443043
1844,Apr,8.846402603
1844,May,8.874397548
1844,Jun,8.911724141
1844,Jul,8.818407658
1844,Aug,8.958382382
1844,Sep,9.215002711
1844,Oct,9.648924358
1844,Nov,9.970866225
1844,Dec,10.2368182
1845,Jan,10.37679293
1845,Feb,10.90869688
1845,Mar,11.17931468
1845,Apr,11.31462358
1845,May,11.45926413
1845,Jun,11.42193754
1845,Jul,11.23063875
1845,Aug,10.47944106
1845,Sep,11.06266908
1845,Oct,11.24463622
1845,Nov,11.18864633
1845,Dec,11.01601084
1846,Jan,10.94602347
1846,Feb,11.19331215
1846,Mar,11.09999567
1846,Apr,11.40794007
1846,May,11.50592237
1846,Jun,11.31462358
1846,Jul,11.32395523
1846,Aug,11.25863369
1846,Sep,11.34728435
1846,Oct,11.24930204
1846,Nov,11.16531721
1846,Dec,10.87603611
1847,Jan,10.58208919
1847,Feb,10.62408161
1847,Mar,10.9506893
1847,Apr,10.86203864
1847,May,10.40478787
1847,Jun,10.10617513
1847,Jul,9.406301502
1847,Aug,9.644258534
1847,Sep,9.564939523
1847,Oct,9.714245896
1847,Nov,9.658256006
1847,Dec,8.804410185
1848,Jan,8.659769636
1848,Feb,9.182341942
1848,Mar,8.963048207
1848,Apr,9.312985018
1848,May,9.098357107
1848,Jun,8.655103812
1848,Jul,8.258508759
1848,Aug,8.827739306
1848,Sep,9.298987546
1848,Oct,9.984863697
1848,Nov,10.18549414
1848,Dec,10.02685611
1849,Jan,9.760904138
1849,Feb,9.835557324
1849,Mar,9.919542159
1849,Apr,9.989529521
1849,May,9.882215566
1849,Jun,9.266326777
1849,Jul,9.05636469
1849,Aug,9.093691283
1849,Sep,9.075027986
1849,Oct,9.35964326
1849,Nov,9.205671063
1849,Dec,9.005040624
1850,Jan,8.715759526
1850,Feb,8.995708976
1850,Mar,9.065696338
1850,Apr,9.131017876
1850,May,9.322316667
1850,Jun,9.849554797
1850,Jul,10.07818018
1850,Aug,10.29747392
1850,Sep,10.76872216
1850,Oct,10.932026
1850,Nov,11.59457303
1850,Dec,11.82319842
1851,Jan,11.90251743
1851,Feb,11.51991984
1851,Mar,11.18398051
1851,Apr,11.06266908
1851,May,10.70806644
1851,Jun,10.91802853
1851,Jul,11.03000831
1851,Aug,11.54791479
1851,Sep,11.56191226
1851,Oct,11.54324897
1851,Nov,11.67389204
1851,Dec,12.21046182
1852,Jan,12.70037336
1852,Feb,12.58372775
1852,Mar,13.19028489
1852,Apr,13.61487489
1852,May,13.24627478
1852,Jun,13.62887236
1852,Jul,13.97414335
1852,Aug,14.27742192
1852,Sep,14.9306373
1852,Oct,14.8139917
1852,Nov,14.52937643
1852,Dec,14.75800181
1853,Jan,14.70667774
1853,Feb,14.84665247
1853,Mar,14.63669038
1853,Apr,14.62735873
1853,May,14.44539159
1853,Jun,13.43290775
1853,Jul,13.14362665
1853,Aug,13.66153313
1853,Sep,13.80150786
1853,Oct,13.40957863
1853,Nov,13.72218885
1853,Dec,12.95232786
1854,Jan,13.03164687
1854,Feb,13.37225204
1854,Mar,13.93215093
1854,Apr,14.14677885
1854,May,14.06745983
1854,Jun,14.05346236
1854,Jul,14.14211302
1854,Aug,13.85749775
1854,Sep,13.91815346
1854,Oct,14.60402961
1854,Nov,14.39873335
1854,Dec,14.45938906
1855,Jan,14.28675357
1855,Feb,14.67401698
1855,Mar,14.9493006
1855,Apr,14.88864489
1855,May,14.86998159
1855,Jun,14.45005742
1855,Jul,14.33807764
1855,Aug,14.46405489
1855,Sep,14.49671566
1855,Oct,14.91197401
1855,Nov,15.15926269
1855,Dec,15.36455895
1856,Jan,15.60251598
1856,Feb,15.96178444
1856,Mar,16.3583795
1856,Apr,16.5916707
1856,May,16.43769851
1856,Jun,16.14841741
1856,Jul,16.09709334
1856,Aug,16.46569345
1856,Sep,16.53101499
1856,Oct,16.52634917
1856,Nov,16.67098971
1856,Dec,16.63832895
1857,Jan,16.66632389
1857,Feb,16.64766059
1857,Mar,16.85762268
1857,Apr,16.79696697
1857,May,16.46569345
1857,Jun,16.26972884
1857,Jul,16.10175917
1857,Aug,15.79381477
1857,Sep,15.98044774
1857,Oct,17.06291894
1857,Nov,17.24488609
1857,Dec,16.86695433
1858,Jan,16.82496191
1858,Feb,16.97426829
1858,Mar,16.76897202
1858,Apr,17.04425565
1858,May,17.22622279
1858,Jun,17.21222532
1858,Jul,17.4221874
1858,Aug,17.52016971
1858,Sep,17.94942553
1858,Oct,17.91676476
1858,Nov,17.80011916
1858,Dec,17.8467774
1859,Jan,17.04892147
1859,Feb,17.00226323
1859,Mar,17.34753422
1859,Apr,17.80945081
1859,May,18.04274202
1859,Jun,18.03341037
1859,Jul,18.34135476
1859,Aug,18.43933707
1859,Sep,18.94324608
1859,Oct,18.95724355
1859,Nov,19.01323344
1859,Dec,18.99457015
1860,Jan,19.15320817
1860,Feb,19.20453223
1860,Mar,19.31651201
1860,Apr,19.49381333
1860,May,19.31651201
1860,Jun,19.5264741
1860,Jul,19.69444377
1860,Aug,19.68511212
1860,Sep,20.2030186
1860,Oct,19.84375014
1860,Nov,19.58246399
1860,Dec,19.56846652
1861,Jan,19.61979058
1861,Feb,19.48914751
1861,Mar,19.59179564
1861,Apr,19.72243871
1861,May,19.86241344
1861,Jun,19.74110201
1861,Jul,19.88107674
1861,Aug,19.93706663
1861,Sep,19.74576783
1861,Oct,20.39898322
1861,Nov,20.7442542
1861,Dec,20.70692761
1862,Jan,20.66493519
1862,Feb,20.71625926
1862,Mar,20.66960102
1862,Apr,20.92622135
1862,May,20.77691497
1862,Jun,21.0708619
1862,Jul,21.3041531
1862,Aug,21.53277849
1862,Sep,21.58410255
1862,Oct,21.78939882
1862,Nov,21.94337101
1862,Dec,21.91537607
1863,Jan,22.09734321
1863,Feb,22.70390035
1863,Mar,22.74122694
1863,Apr,22.83920925
1863,May,22.82521178
1863,Jun,23.21714101
1863,Jul,23.61840189
1863,Aug,23.40377397
1863,Sep,23.60907024
1863,Oct,23.6790576
1863,Nov,24.07565265
1863,Dec,24.03366024
1864,Jan,24.6635465
1864,Feb,24.64021738
1864,Mar,24.6262199
1864,Apr,25.61537462
1864,May,25.04614408
1864,Jun,24.26695144
1864,Jul,24.57956166
1864,Aug,25.67603034
1864,Sep,25.80200759
1864,Oct,25.84400001
1864,Nov,25.46606825
1864,Dec,25.32609353
1865,Jan,25.5920455
1865,Feb,25.56405056
1865,Mar,26.44589132
1865,Apr,26.31058242
1865,May,26.33857737
1865,Jun,26.63719012
1865,Jul,26.52054451
1865,Aug,26.70717748
1865,Sep,26.58586605
1865,Oct,26.18460517
1865,Nov,26.46455462
1865,Dec,26.39456726
1866,Jan,26.12861528
1866,Feb,24.92483265
1866,Mar,25.04147825
1866,Apr,25.33075935
1866,May,25.2234454
1866,Jun,25.3214277
1866,Jul,25.31676188
1866,Aug,25.21877957
1866,Sep,25.64803539
1866,Oct,26.1706077
1866,Nov,25.70869111
1866,Dec,24.99948584
1867,Jan,24.68220979
1867,Feb,25.03681243
1867,Mar,25.29809858
1867,Apr,24.83151617
1867,May,25.27010364
1867,Jun,25.37275177
1867,Jul,25.37741759
1867,Aug,25.02281496
1867,Sep,24.82218452
1867,Oct,24.99015419
1867,Nov,25.08813649
1867,Dec,24.87817441
1868,Jan,25.49872902
1868,Feb,25.76934682
1868,Mar,25.79734177
1868,Apr,26.03996462
1868,May,25.92798484
1868,Jun,26.08662286
1868,Jul,26.12861528
1868,Aug,26.2872533
1868,Sep,26.20326847
1868,Oct,26.89847627
1868,Nov,27.0197877
1868,Dec,26.69318001
1869,Jan,26.56253693
1869,Feb,26.69318001
1869,Mar,26.82382308
1869,Apr,27.32306627
1869,May,27.43971187
1869,Jun,27.18309154
1869,Jul,27.72432714
1869,Aug,27.98094747
1869,Sep,28.21423868
1869,Oct,29.02609208
1869,Nov,29.18473011
1869,Dec,29.30137571
1870,Jan,29.97325439
1870,Feb,30.58914318
1870,Mar,30.49582669
1870,Apr,29.11940857
1870,May,29.43201879
1870,Jun,29.9172645
1870,Jul,30.13655823
1870,Aug,29.98258604
1870,Sep,30.49582669
1870,Oct,31.17351173
1870,Nov,31.17351173
1870,Dec,31.63556971
1871,Jan,32.80611659
1871,Feb,33.32978231
1871,Mar,33.23737071
1871,Apr,33.85344802
1871,May,33.97666348
1871,Jun,34.80836784
1871,Jul,35.17801423
1871,Aug,35.60926834
1871,Sep,36.25614951
1871,Oct,37.88875438
1871,Nov,37.51910799
1871,Dec,38.32000849
1872,Jan,38.32000849
1872,Feb,38.25840076
1872,Mar,38.32000849
1872,Apr,38.32000849
1872,May,38.07357757
1872,Jun,37.91955824
1872,Jul,37.27267707
1872,Aug,37.51910799
1872,Sep,37.70393118
1872,Oct,38.41242009
1872,Nov,38.90528193
1872,Dec,39.24412445
1873,Jan,39.12090899
1873,Feb,38.75126261
1873,Mar,39.67537857
1873,Apr,38.50483168
1873,May,38.87447807
1873,Jun,39.49055537
1873,Jul,39.55216311
1873,Aug,38.68965488
1873,Sep,39.05930126
1873,Oct,39.18251672
1873,Nov,39.15171286
1873,Dec,38.65885101
1874,Jan,37.39589253
1874,Feb,37.95036211
1874,Mar,37.61151959
1874,Apr,37.3342848
1874,May,37.45750026
1874,Jun,37.58071572
1874,Jul,37.45750026
1874,Aug,37.67312732
1874,Sep,37.02624615
1874,Oct,36.90303069
1874,Nov,36.90303069
1874,Dec,36.90303069
1875,Jan,36.84142295
1875,Feb,36.81061909
1875,Mar,35.64007221
1875,Apr,35.17801423
1875,May,34.9315833
1875,Jun,34.80836784
1875,Jul,34.56193692
1875,Aug,34.37711373
1875,Sep,34.09987894
1875,Oct,34.62354465
1875,Nov,34.62354465
1875,Dec,33.85344802
1876,Jan,33.23737071
1876,Feb,33.36058617
1876,Mar,32.55968567
1876,Apr,32.86772433
1876,May,33.02174365
1876,Jun,32.89852819
1876,Jul,32.99093979
1876,Aug,33.5146055
1876,Sep,33.26817457
1876,Oct,33.08335138
1876,Nov,33.54540936
1876,Dec,32.77531273
1877,Jan,31.9128045
1877,Feb,31.78958904
1877,Mar,31.78958904
1877,Apr,31.23511946
1877,May,31.32753106
1877,Jun,31.111904
1877,Jul,30.54203249
1877,Aug,30.34180737
1877,Sep,30.06457258
1877,Oct,30.15698417
1877,Nov,30.00296485
1877,Dec,29.78733779
1878,Jan,29.32527981
1878,Feb,29.04804502
1878,Mar,29.66412233
1878,Apr,29.72573006
1878,May,30.34180737
1878,Jun,29.17126048
1878,Jul,28.12392906
1878,Aug,27.63106722
1878,Sep,27.38463629
1878,Oct,26.64534353
1878,Nov,26.46052033
1878,Dec,26.46052033
1879,Jan,26.55293193
1879,Feb,26.09087395
1879,Mar,25.87524689
1879,Apr,25.38238505
1879,May,25.7828353
1879,Jun,25.65961983
1879,Jul,27.53865562
1879,Aug,29.66412233
1879,Sep,30.00296485
1879,Oct,32.99093979
1879,Nov,32.77531273
1879,Dec,32.0052161
1880,Jan,32.03601996
1880,Feb,31.48155038
1880,Mar,30.68064989
1880,Apr,31.26592333
1880,May,31.23511946
1880,Jun,31.05029627
1880,Jul,31.111904
1880,Aug,31.17351173
1880,Sep,31.66637358
1880,Oct,32.65209727
1880,Nov,32.46727408
1880,Dec,31.48155038
1881,Jan,31.0194924
1881,Feb,31.05029627
1881,Mar,31.35833492
1881,Apr,30.98868854
1881,May,30.98868854
1881,Jun,30.49582669
1881,Jul,30.71145375
1881,Aug,31.35833492
1881,Sep,31.35833492
1881,Oct,33.4221939
1881,Nov,30.95788467
1881,Dec,27.93910587
1882,Jan,30.74225762
1882,Feb,30.24939577
1882,Mar,29.97216098
1882,Apr,29.69492619
1882,May,29.510103
1882,Jun,29.78733779
1882,Jul,29.94135712
1882,Aug,29.63331846
1882,Sep,29.32527981
1882,Oct,29.47929914
1882,Nov,29.75653393
1882,Dec,29.17126048
1883,Jan,26.12167781
1883,Feb,28.33955612
1883,Mar,28.58598704
1883,Apr,28.03151747
1883,May,28.0931252
1883,Jun,28.12392906
1883,Jul,28.43196772
1883,Aug,27.75428268
1883,Sep,27.84669427
1883,Oct,27.60026335
1883,Nov,27.75428268
1883,Dec,27.1998131
1884,Jan,27.26142083
1884,Feb,27.23061697
1884,Mar,26.58373579
1884,Apr,26.70695126
1884,May,27.13820537
1884,Jun,27.38463629
1884,Jul,27.38463629
1884,Aug,27.23061697
1884,Sep,27.26142083
1884,Oct,27.60026335
1884,Nov,27.26142083
1884,Dec,26.70695126
1885,Jan,26.52212806
1885,Feb,26.4913242
1885,Mar,26.55293193
1885,Apr,26.52212806
1885,May,27.2922247
1885,Jun,26.61453966
1885,Jul,26.73775512
1885,Aug,27.32302856
1885,Sep,27.32302856
1885,Oct,27.35383243
1885,Nov,27.2922247
1885,Dec,26.89177445
1886,Jan,26.83016672
1886,Feb,26.73775512
1886,Mar,26.83016672
1886,Apr,26.92257831
1886,May,27.04579377
1886,Jun,27.13820537
1886,Jul,27.60026335
1886,Aug,27.66187108
1886,Sep,27.35383243
1886,Oct,27.44624402
1886,Nov,26.83016672
1886,Dec,26.27569714
1887,Jan,26.73775512
1887,Feb,26.58373579
1887,Mar,26.42971647
1887,Apr,26.12167781
1887,May,25.99846235
1887,Jun,25.56720824
1887,Jul,25.50560051
1887,Aug,25.25916958
1887,Sep,26.4913242
1887,Oct,26.83016672
1887,Nov,26.55293193
1887,Dec,26.36810874
1888,Jan,26.52212806
1888,Feb,26.58373579
1888,Mar,26.52212806
1888,Apr,26.76855899
1888,May,26.89177445
1888,Jun,27.93910587
1888,Jul,28.03151747
1888,Aug,28.03151747
1888,Sep,28.03151747
1888,Oct,28.58598704
1888,Nov,29.17126048
1888,Dec,29.47929914
1889,Jan,30.37261123
1889,Feb,30.49582669
1889,Mar,30.4034151
1889,Apr,30.89627694
1889,May,31.26592333
1889,Jun,31.69717744
1889,Jul,32.28245088
1889,Aug,31.85119677
1889,Sep,31.69717744
1889,Oct,32.12843156
1889,Nov,31.54315812
1889,Dec,31.05029627
1890,Jan,30.86547308
1890,Feb,30.89627694
1890,Mar,30.80386535
1890,Apr,30.52663056
1890,May,30.37261123
1890,Jun,30.21859191
1890,Jul,30.15698417
1890,Aug,30.12618031
1890,Sep,30.34180737
1890,Oct,30.37261123
1890,Nov,30.49582669
1890,Dec,30.21859191
1891,Jan,30.43421896
1891,Feb,30.49582669
1891,Mar,30.28019964
1891,Apr,30.28019964
1891,May,30.4034151
1891,Jun,29.87974939
1891,Jul,29.66412233
1891,Aug,29.78733779
1891,Sep,29.94135712
1891,Oct,29.91055325
1891,Nov,29.6025146
1891,Dec,30.21859191
1892,Jan,29.38688754
1892,Feb,29.54090687
1892,Mar,29.72573006
1892,Apr,30.15698417
1892,May,30.00296485
1892,Jun,29.94135712
1892,Jul,29.78733779
1892,Aug,30.00296485
1892,Sep,29.91055325
1892,Oct,29.87974939
1892,Nov,30.00296485
1892,Dec,30.15698417
1893,Jan,30.12618031
1893,Feb,30.09537644
1893,Mar,30.06457258
1893,Apr,30.00296485
1893,May,29.69492619
1893,Jun,30.09537644
1893,Jul,30.12618031
1893,Aug,30.21859191
1893,Sep,30.4034151
1893,Oct,30.61904215
1893,Nov,30.71145375
1893,Dec,30.74225762
1894,Jan,30.49582669
1894,Feb,30.55743442
1894,Mar,30.64984602
1894,Apr,30.95788467
1894,May,31.2043156
1894,Jun,31.69717744
1894,Jul,31.72798131
1894,Aug,31.75878517
1894,Sep,32.28245088
1894,Oct,32.59048954
1894,Nov,32.99093979
1894,Dec,32.96013592
1895,Jan,33.05254752
1895,Feb,33.69942869
1895,Mar,33.94585961
1895,Apr,34.43872146
1895,May,35.14721036
1895,Jun,35.91730699
1895,Jul,36.19454178
1895,Aug,35.42444515
1895,Sep,36.44097271
1895,Oct,36.99544228
1895,Nov,38.78206647
1895,Dec,39.52135924
1896,Jan,40.29145587
1896,Feb,41.52361049
1896,Mar,43.12541149
1896,Apr,43.24862695
1896,May,43.61827333
1896,Jun,42.41692258
1896,Jul,42.7557651
1896,Aug,42.7557651
1896,Sep,43.71068493
1896,Oct,44.97364341
1896,Nov,44.91203568
1896,Dec,45.65132844
1897,Jan,45.83615164
1897,Feb,45.83615164
1897,Mar,46.39062121
1897,Apr,46.29820962
1897,May,45.9593671
1897,Jun,46.45222894
1897,Jul,46.11338642
1897,Aug,46.14419029
1897,Sep,45.99017096
1897,Oct,46.85267919
1897,Nov,46.63705214
1897,Dec,49.40940002
1898,Jan,44.91203568
1898,Feb,45.25087819
1898,Mar,44.91203568
1898,Apr,45.37409366
1898,May,44.94283954
1898,Jun,45.43570139
1898,Jul,45.58972071
1898,Aug,45.9593671
1898,Sep,46.14419029
1898,Oct,47.31473717
1898,Nov,47.19152171
1898,Dec,47.4687565
1899,Jan,47.22232558
1899,Feb,48.91653817
1899,Mar,48.88573431
1899,Apr,46.91428692
1899,May,49.53261548
1899,Jun,46.39062121
1899,Jul,46.02097483
1899,Aug,47.31473717
1899,Sep,45.1584666
1899,Oct,47.00669852
1899,Nov,51.31923967
1899,Dec,48.02322608
1900,Jan,47.74599129
1900,Feb,47.40714877
1900,Mar,46.02097483
1900,Apr,45.28168206
1900,May,45.71293617
1900,Jun,45.28168206
1900,Jul,45.22007433
1900,Aug,44.85042795
1900,Sep,44.81962408
1900,Oct,44.91203568
1900,Nov,44.54238929
1900,Dec,43.95711585
1901,Jan,44.41917383
1901,Feb,44.57319316
1901,Mar,44.78882021
1901,Apr,44.48078156
1901,May,43.5566656
1901,Jun,43.27943081
1901,Jul,42.7557651
1901,Aug,42.47853031
1901,Sep,42.60174577
1901,Oct,43.5566656
1901,Nov,43.61827333
1901,Dec,43.12541149
1902,Jan,43.98791972
1902,Feb,44.01872358
1902,Mar,43.6490772
1902,Apr,42.8481767
1902,May,42.57094191
1902,Jun,42.50933418
1902,Jul,42.57094191
1902,Aug,42.50933418
1902,Sep,42.66335351
1902,Oct,43.06380376
1902,Nov,43.43345014
1902,Dec,43.31023468
1903,Jan,43.12541149
1903,Feb,43.52586174
1903,Mar,42.44772645
1903,Apr,40.29145587
1903,May,41.77004141
1903,Jun,41.30798343
1903,Jul,40.4454752
1903,Aug,40.04502495
1903,Sep,39.70618243
1903,Oct,39.49055537
1903,Nov,39.42894764
1903,Dec,39.67537857
1904,Jan,39.86020176
1904,Feb,39.98341722
1904,Mar,39.42894764
1904,Apr,37.2418732
1904,May,39.6445747
1904,Jun,39.18251672
1904,Jul,39.92180949
1904,Aug,42.63254964
1904,Sep,40.69190612
1904,Oct,41.12316024
1904,Nov,41.67762981
1904,Dec,42.57094191
1905,Jan,41.58521822
1905,Feb,41.12316024
1905,Mar,41.30798343
1905,Apr,40.99994478
1905,May,42.0472762
1905,Jun,42.7557651
1905,Jul,43.21782308
1905,Aug,43.24862695
1905,Sep,43.21782308
1905,Oct,43.5566656
1905,Nov,43.37184241
1905,Dec,42.57094191
1906,Jan,42.44772645
1906,Feb,42.60174577
1906,Mar,42.20129553
1906,Apr,41.86245301
1906,May,42.50933418
1906,Jun,42.47853031
1906,Jul,42.23209939
1906,Aug,42.50933418
1906,Sep,43.03299989
1906,Oct,43.5566656
1906,Nov,43.61827333
1906,Dec,42.41692258
1907,Jan,42.7557651
1907,Feb,42.35531485
1907,Mar,42.01647233
1907,Apr,41.9548646
1907,May,41.52361049
1907,Jun,41.3387873
1907,Jul,40.59949453
1907,Aug,40.10663268
1907,Sep,40.19904428
1907,Oct,40.75351385
1907,Nov,40.16824041
1907,Dec,39.42894764
1908,Jan,39.21332059
1908,Feb,39.05930126
1908,Mar,39.36733991
1908,Apr,39.12090899
1908,May,39.58296697
1908,Jun,39.18251672
1908,Jul,39.49055537
1908,Aug,39.61377084
1908,Sep,38.90528193
1908,Oct,39.02849739
1908,Nov,38.87447807
1908,Dec,38.28920463
1909,Jan,39.55216311
1909,Feb,38.65885101
1909,Mar,38.81287034
1909,Apr,38.65885101
1909,May,39.58296697
1909,Jun,39.7369863
1909,Jul,39.92180949
1909,Aug,39.79859403
1909,Sep,39.95261336
1909,Oct,41.1539641
1909,Nov,41.2463757
1909,Dec,41.89325687
1910,Jan,42.78656897
1910,Feb,42.63254964
1910,Mar,42.35531485
1910,Apr,42.57094191
1910,May,43.12541149
1910,Jun,42.63254964
1910,Jul,42.66335351
1910,Aug,43.21782308
1910,Sep,43.49505787
1910,Oct,44.51158543
1910,Nov,44.97364341
1910,Dec,45.55891685
1911,Jan,45.62052458
1911,Feb,44.94283954
1911,Mar,44.81962408
1911,Apr,44.23435064
1911,May,43.6490772
1911,Jun,43.31023468
1911,Jul,43.98791972
1911,Aug,44.48078156
1911,Sep,44.60399702
1911,Oct,44.60399702
1911,Nov,44.23435064
1911,Dec,44.29595837
1912,Jan,44.91203568
1912,Feb,44.29595837
1912,Mar,44.04952745
1912,Apr,43.67988106
1912,May,45.066055
1912,Jun,45.55891685
1912,Jul,44.72721248
1912,Aug,44.2651545
1912,Sep,44.2651545
1912,Oct,45.68213231
1912,Nov,45.65132844
1912,Dec,44.57319316
1913,Jan,45.80534777
1913,Feb,45.22007433
1913,Mar,43.21782308
1913,Apr,43.27943081
1913,May,43.92631198
1913,Jun,43.86470425
1913,Jul,42.94058829
1913,Aug,42.66335351
1913,Sep,42.20129553
1913,Oct,43.21782308
1913,Nov,44.04952745
1913,Dec,43.5566656
1914,Jan,43.40264627
1914,Feb,43.06380376
1914,Mar,42.90978443
1914,Apr,42.78105508
1914,May,42.78105508
1914,Jun,42.78105508
1914,Jul,42.78105508
1914,Aug,42.78105508
1914,Sep,42.78105508
1914,Oct,37.50315159
1914,Nov,37.2027831
1914,Dec,36.30167763
1915,Jan,36.55913633
1915,Feb,36.04421892
1915,Mar,35.2718428
1915,Apr,32.74016552
1915,May,31.83906005
1915,Jun,31.9677894
1915,Jul,31.75324048
1915,Aug,32.05360897
1915,Sep,32.22524811
1915,Oct,32.22524811
1915,Nov,33.42672207
1915,Dec,32.86889487
1916,Jan,33.25508293
1916,Feb,33.64127099
1916,Mar,35.65803086
1916,Apr,37.58897116
1916,May,37.71770051
1916,Jun,37.80352008
1916,Jul,36.60204612
1916,Aug,36.98823418
1916,Sep,35.87257978
1916,Oct,35.18602323
1916,Nov,35.2718428
1916,Dec,35.22893302
1917,Jan,36.04421892
1917,Feb,36.13003849
1917,Mar,36.43040698
1917,Apr,37.58897116
1917,May,37.63188094
1917,Jun,37.67479073
1917,Jul,38.14679836
1917,Aug,38.40425706
1917,Sep,38.87626469
1917,Oct,39.51991146
1917,Nov,39.56282124
1917,Dec,38.18970814
1918,Jan,37.37442224
1918,Feb,37.63188094
1918,Mar,38.36134728
1918,Apr,39.47700167
1918,May,41.49376154
1918,Jun,42.73814529
1918,Jul,44.11125839
1918,Aug,43.51052141
1918,Sep,43.51052141
1918,Oct,44.79781494
1918,Nov,44.49744645
1918,Dec,44.54035624
1919,Jan,43.46761163
1919,Feb,45.61310085
1919,Mar,46.2996574
1919,Apr,47.45822158
1919,May,47.15785309
1919,Jun,47.24367266
1919,Jul,48.05895856
1919,Aug,47.07203352
1919,Sep,45.99928891
1919,Oct,46.5571161
1919,Nov,47.62986072
1919,Dec,47.93022921
1920,Jan,44.11125839
1920,Feb,40.29228758
1920,Mar,37.07405375
1920,Apr,37.88933965
1920,May,36.00130914
1920,Jun,36.13003849
1920,Jul,34.1561884
1920,Aug,34.88565474
1920,Sep,32.48270681
1920,Oct,33.29799272
1920,Nov,33.29799272
1920,Dec,32.95471444
1921,Jan,32.31106767
1921,Feb,33.16926336
1921,Mar,33.3409025
1921,Apr,33.85581991
1921,May,33.85581991
1921,Jun,33.55545142
1921,Jul,32.26815789
1921,Aug,32.7830753
1921,Sep,33.3409025
1921,Oct,33.77433423
1921,Nov,34.27444777
1921,Dec,35.30801575
1922,Jan,38.04196975
1922,Feb,38.30869697
1922,Mar,38.14199246
1922,Apr,38.90883322
1922,May,39.40894676
1922,Jun,39.90906029
1922,Jul,40.34249203
1922,Aug,39.84237849
1922,Sep,39.20890134
1922,Oct,39.34226495
1922,Nov,40.07576481
1922,Dec,40.60921925
1923,Jan,41.47608271
1923,Feb,41.07599188
1923,Mar,40.90928737
1923,Apr,39.17556044
1923,May,38.6087651
1923,Jun,39.14221954
1923,Jul,39.00885593
1923,Aug,39.04219683
1923,Sep,38.642106
1923,Oct,38.97551502
1923,Nov,40.17578751
1923,Dec,39.77569668
1924,Jan,39.84237849
1924,Feb,39.90906029
1924,Mar,39.9757421
1924,Apr,40.14244661
1924,May,40.54253744
1924,Jun,40.24246932
1924,Jul,40.64256015
1924,Aug,42.07621896
1924,Sep,42.30960527
1924,Oct,43.00976423
1924,Nov,43.07644603
1924,Dec,42.40962798
1925,Jan,42.30960527
1925,Feb,41.87617354
1925,Mar,41.84283264
1925,Apr,41.40940091
1925,May,42.37628708
1925,Jun,42.20958257
1925,Jul,43.17646874
1925,Aug,44.07667311
1925,Sep,44.17669581
1925,Oct,44.21003672
1925,Nov,43.87662769
1925,Dec,43.07644603
1926,Jan,42.90974152
1926,Feb,43.67658228
1926,Mar,44.54344574
1926,Apr,44.27671852
1926,May,45.14358199
1926,Jun,45.51033191
1926,Jul,44.84351386
1926,Aug,45.3102865
1926,Sep,45.24360469
1926,Oct,46.17714996
1926,Nov,46.6439226
1926,Dec,46.34385448
1927,Jan,46.81062711
1927,Feb,47.21071794
1927,Mar,47.17737704
1927,Apr,47.34408155
1927,May,47.64414967
1927,Jun,48.07758141
1927,Jul,48.67771765
1927,Aug,48.64437675
1927,Sep,48.97778577
1927,Oct,49.3111948
1927,Nov,49.24451299
1927,Dec,50.57814909
1928,Jan,51.57837617
1928,Feb,52.61194415
1928,Mar,50.91155812
1928,Apr,50.57814909
1928,May,51.41167166
1928,Jun,52.24519422
1928,Jul,52.91201227
1928,Aug,53.14539859
1928,Sep,52.94535317
1928,Oct,54.47903469
1928,Nov,54.01226205
1928,Dec,53.71219393
1929,Jan,53.17873949
1929,Feb,52.47858054
1929,Mar,52.64528505
1929,Apr,54.01226205
1929,May,54.81244371
1929,Jun,55.14585274
1929,Jul,53.61217122
1929,Aug,49.01112668
1929,Sep,49.04446758
1929,Oct,48.91110397
1929,Nov,48.77774036
1929,Dec,48.44433133
1930,Jan,49.3111948
1930,Feb,47.91087689
1930,Mar,45.17692289
1930,Apr,45.74371823
1930,May,43.67658228
1930,Jun,44.87685477
1930,Jul,42.34294618
1930,Aug,41.74280993
1930,Sep,39.50896946
1930,Oct,39.74235578
1930,Nov,39.60899217
1930,Dec,39.67567398
1931,Jan,37.77524253
1931,Feb,34.07440236
1931,Mar,34.54117499
1931,Apr,35.14131124
1931,May,32.74076626
1931,Jun,29.84010774
1931,Jul,33.54094792
1931,Aug,33.14085709
1931,Sep,30.24019857
1931,Oct,30.94035752
1931,Nov,30.57360759
1931,Dec,30.90701662
1932,Jan,28.17306261
1932,Feb,30.6736303
1932,Mar,26.30597207
1932,Apr,28.17306261
1932,May,30.84033481
1932,Jun,32.27399362
1932,Jul,32.10728911
1932,Aug,32.27399362
1932,Sep,31.9405846
1932,Oct,32.14063001
1932,Nov,32.0406073
1932,Dec,32.07394821
1933,Jan,32.10728911
1933,Feb,33.47426611
1933,Mar,35.00794763
1933,Apr,37.24178809
1933,May,37.47517441
1933,Jun,37.84192434
1933,Jul,36.80835636
1933,Aug,35.90815199
1933,Sep,36.14153831
1933,Oct,37.94194705
1933,Nov,38.6087651
1933,Dec,38.74212871
1934,Jan,39.10887863
1934,Feb,38.642106
1934,Mar,38.17533336
1934,Apr,37.64187892
1934,May,37.20844719
1934,Jun,37.10842448
1934,Jul,37.50851531
1934,Aug,37.97528795
1934,Sep,37.84192434
1934,Oct,38.57542419
1934,Nov,37.90860614
1934,Dec,36.67499275
1935,Jan,37.17510629
1935,Feb,38.14199246
1935,Mar,38.54208329
1935,Apr,38.54208329
1935,May,39.17556044
1935,Jun,37.57519712
1935,Jul,37.54185622
1935,Aug,39.44228766
1935,Sep,40.0424239
1935,Oct,41.3093782
1935,Nov,42.24292347
1935,Dec,41.74280993
1936,Jan,42.37628708
1936,Feb,41.60944632
1936,Mar,41.70946903
1936,Apr,42.04287805
1936,May,43.17646874
1936,Jun,43.57655957
1936,Jul,45.3102865
1936,Aug,45.81040004
1936,Sep,45.91042274
1936,Oct,46.24383177
1936,Nov,46.07712726
1936,Dec,45.57701372
1937,Jan,44.81017296
1937,Feb,44.07667311
1937,Mar,43.04310513
1937,Apr,42.97642332
1937,May,42.94308242
1937,Jun,41.14267369
1937,Jul,39.14221954
1937,Aug,38.10865156
1937,Sep,38.50874239
1937,Oct,38.37537878
1937,Nov,37.17510629
1937,Dec,35.00794763
1938,Jan,36.27490192
1938,Feb,35.37469755
1938,Mar,34.84124311
1938,Apr,36.44160643
1938,May,36.0081747
1938,Jun,34.80790221
1938,Jul,35.34135665
1938,Aug,35.67476568
1938,Sep,34.80790221
1938,Oct,34.6078568
1938,Nov,34.40781138
1938,Dec,34.20776597
1939,Jan,33.3409025
1939,Feb,34.17442506
1939,Mar,33.97437965
1939,Apr,33.64097062
1939,May,33.40758431
1939,Jun,31.9405846
1939,Jul,33.24087979
1939,Aug,33.70765243
1939,Sep,33.60762972
1939,Oct,33.60762972
1939,Nov,34.20776597
1939,Dec,34.57451589
1940,Jan,34.34112958
1940,Feb,32.44069813
1940,Mar,28.80653976
1940,Apr,28.17306261
1940,May,29.10660788
1940,Jun,29.3733351
1940,Jul,30.24019857
1940,Aug,31.14040294
1940,Sep,31.17374384
1940,Oct,31.84056189
1940,Nov,31.30710745
1940,Dec,31.04038023
1941,Jan,30.94035752
1941,Feb,31.24042564
1941,Mar,31.37378925
1941,Apr,32.17397091
1941,May,32.74076626
1941,Jun,33.3409025
1941,Jul,33.17419799
1941,Aug,33.74099333
1941,Sep,33.20753889
1941,Oct,33.74099333
1941,Nov,32.40735723
1941,Dec,32.20731182
1942,Jan,32.17397091
1942,Feb,32.40735723
1942,Mar,32.70742535
1942,Apr,32.74076626
1942,May,33.00749348
1942,Jun,33.57428882
1942,Jul,34.77456131
1942,Aug,35.67476568
1942,Sep,35.54140207
1942,Oct,36.57497004
1942,Nov,36.47494734
1942,Dec,36.67499275
1943,Jan,37.14176539
1943,Feb,37.40849261
1943,Mar,37.3418108
1943,Apr,38.00862885
1943,May,38.14199246
1943,Jun,38.40871968
1943,Jul,38.30869697
1943,Aug,37.74190163
1943,Sep,37.84192434
1943,Oct,38.24201517
1943,Nov,38.57542419
1943,Dec,38.642106
1944,Jan,38.6754469
1944,Feb,39.04219683
1944,Mar,39.60899217
1944,Apr,40.07576481
1944,May,40.20912842
1944,Jun,39.40894676
1944,Jul,39.54231037
1944,Aug,39.9757421
1944,Sep,39.9757421
1944,Oct,40.37583293
1944,Nov,40.20912842
1944,Dec,40.44251473
1945,Jan,40.84260556
1945,Feb,41.17601459
1945,Mar,41.17601459
1945,Apr,41.57610542
1945,May,40.54253744
1945,Jun,40.84260556
1945,Jul,41.3427191
1945,Aug,41.70946903
1945,Sep,41.80949174
1945,Oct,42.24292347
1945,Nov,42.10955986
1945,Dec,41.60944632
1946,Jan,42.24292347
1946,Feb,43.30983235
1946,Mar,44.14335491
1946,Apr,44.0433322
1946,May,43.30983235
1946,Jun,42.00953715
1946,Jul,41.2760373
1946,Aug,42.27626437
1946,Sep,43.40985506
1946,Oct,43.77660498
1946,Nov,42.90974152
1946,Dec,43.30983235
1947,Jan,42.87640062
1947,Feb,43.44319596
1947,Mar,43.27649145
1947,Apr,43.57655957
1947,May,40.90928737
1947,Jun,39.34226495
1947,Jul,39.64233307
1947,Aug,40.0424239
1947,Sep,41.07599188
1947,Oct,41.67612813
1947,Nov,40.40917383
1947,Dec,40.0424239
1948,Jan,41.37606
1948,Feb,42.07621896
1948,Mar,41.67612813
1948,Apr,40.57587834
1948,May,40.47585564
1948,Jun,40.30915112
1948,Jul,40.20912842
1948,Aug,40.64256015
1948,Sep,40.54253744
1948,Oct,40.64256015
1948,Nov,40.67590105
1948,Dec,39.37560585
1949,Jan,39.20890134
1949,Feb,39.37560585
1949,Mar,37.84192434
1949,Apr,37.275129
1949,May,37.275129
1949,Jun,38.00862885
1949,Jul,39.14221954
1949,Aug,38.37537878
1949,Sep,38.97551502
1949,Oct,39.17556044
1949,Nov,39.00885593
1949,Dec,39.20890134
1950,Jan,39.54231037
1950,Feb,39.70901488
1950,Mar,40.34249203
1950,Apr,39.37560585
1950,May,39.47562856
1950,Jun,40.50919654
1950,Jul,41.04265098
1950,Aug,41.38851601
1950,Sep,40.52385342
1950,Oct,41.82084731
1950,Nov,43.29077371
1950,Dec,41.4173381
1951,Jan,44.81834429
1951,Feb,46.2882707
1951,Mar,46.23062652
1951,Apr,43.37723997
1951,May,44.47247926
1951,Jun,46.05769401
1951,Jul,46.25944861
1951,Aug,42.54139947
1951,Sep,41.50380436
1951,Oct,38.79615597
1951,Nov,38.14955337
1951,Dec,36.85634818
1952,Jan,38.59409266
1952,Feb,36.00768226
1952,Mar,34.83571505
1952,Apr,37.05841149
1952,May,38.67491799
1952,Jun,38.67491799
1952,Jul,38.91739396
1952,Aug,38.83656864
1952,Sep,39.40234591
1952,Oct,40.33183715
1952,Nov,41.42297904
1952,Dec,41.786693
1953,Jan,40.77637644
1953,Feb,39.28110792
1953,Mar,39.76605987
1953,Apr,40.93802709
1953,May,42.23123228
1953,Jun,43.32237417
1953,Jul,44.3731034
1953,Aug,45.42383262
1953,Sep,45.70672126
1953,Oct,47.32322776
1953,Nov,48.69725828
1953,Dec,48.77808361
1954,Jan,50.79871673
1954,Feb,53.10223849
1954,Mar,53.78925375
1954,Apr,55.2441096
1954,May,58.35588461
1954,Jun,59.68950247
1954,Jul,62.63962683
1954,Aug,61.91219891
1954,Sep,61.46765962
1954,Oct,64.70067262
1954,Nov,59.97239111
1954,Dec,59.20455052
1955,Jan,60.57858105
1955,Feb,63.40746742
1955,Mar,67.04460704
1955,Apr,67.89327296
1955,May,63.20540411
1955,Jun,62.0334369
1955,Jul,59.85115312
1955,Aug,60.82105702
1955,Sep,62.43756352
1955,Oct,59.4470265
1955,Nov,56.37566415
1955,Dec,56.13318818
1956,Jan,61.18477098
1956,Feb,58.76001124
1956,Mar,58.51753526
1956,Apr,58.51753526
1956,May,59.48743916
1956,Jun,58.96207455
1956,Jul,57.95175799
1956,Aug,53.9509044
1956,Sep,56.82020344
1956,Oct,60.65940637
1956,Nov,61.10394566
1956,Dec,61.3868343
1957,Jan,64.98356126
1957,Feb,65.38768788
1957,Mar,66.23635379
1957,Apr,66.47882977
1957,May,64.6198473
1957,Jun,58.63877325
1957,Jul,55.12287161
1957,Aug,55.80988688
1957,Sep,54.9208083
1957,Oct,53.76747133
1957,Nov,50.9665101
1957,Dec,54.31667941
1958,Jan,56.84303659
1958,Feb,57.22748225
1958,Mar,60.08336428
1958,Apr,60.1932059
1958,May,63.70813763
1958,Jun,65.85004915
1958,Jul,67.99196068
1958,Aug,68.65101038
1958,Sep,73.15451666
1958,Oct,71.78149645
1958,Nov,73.59388312
1958,Dec,74.03324959
1959,Jan,77.3834189
1959,Feb,79.85485527
1959,Mar,80.0196177
1959,Apr,78.59167668
1959,May,85.3469361
1959,Jun,83.58947023
1959,Jul,95.78188968
1959,Aug,98.14348443
1959,Sep,104.8987439
1959,Oct,104.3495358
1959,Nov,102.1527034
1959,Dec,102.9765156
1960,Jan,97.2647515
1960,Feb,100.7796832
1960,Mar,98.03364282
1960,Apr,98.19840524
1960,May,103.5257236
1960,Jun,102.4822283
1960,Jul,103.8552485
1960,Aug,98.69269252
1960,Sep,99.95587111
1960,Oct,104.569219
1960,Nov,109.0727253
1960,Dec,113.740994
1961,Jan,116.2124304
1961,Feb,114.7295685
1961,Mar,105.5028727
1961,Apr,102.5920699
1961,May,98.5828509
1961,Jun,97.15490989
1961,Jul,94.73839432
1961,Aug,95.9466521
1961,Sep,97.42951393
1961,Oct,97.64919716
1961,Nov,98.5828509
1961,Dec,96.05649372
1962,Jan,100.56
1962,Feb,96.645
1962,Mar,88.72
1962,Apr,87.655
1962,May,92.4
1962,Jun,89.985
1962,Jul,91.53
1962,Aug,95.185
1962,Sep,94.95
1962,Oct,94.49
1962,Nov,95.7
1962,Dec,97.67
1963,Jan,98.54
1963,Feb,99.01
1963,Mar,98.09
1963,Apr,99.08
1963,May,102.01
1963,Jun,103.52
1963,Jul,105.11
1963,Aug,106.22
1963,Sep,107.86
1963,Oct,105.53
1963,Nov,102.07
1963,Dec,104.87
1964,Jan,106.23
1964,Feb,104.76
1964,Mar,103.36
1964,Apr,107.25
1964,May,108.3
1964,Jun,108.84
1964,Jul,106.13
1964,Aug,101.19
1964,Sep,97.43
1964,Oct,99
1964,Nov,101.11
1964,Dec,97.43
1965,Jan,98.2
1965,Feb,100.11
1965,Mar,96.18
1965,Apr,93.53
1965,May,95.18
1965,Jun,97.24
1965,Jul,102.51
1965,Aug,104.99
1965,Sep,103.52
1965,Oct,105.12
1965,Nov,108.23
1965,Dec,105.73
1966,Jan,104.87
1966,Feb,107.92
1966,Mar,109.45
1966,Apr,104.81
1966,May,93.6
1966,Jun,92.52
1966,Jul,91.59
1966,Aug,89.88
1966,Sep,92.48
1966,Oct,95.8
1966,Nov,95.23
1966,Dec,96.43
1967,Jan,101.59
1967,Feb,103.6
1967,Mar,104.03
1967,Apr,106.49
1967,May,107.5
1967,Jun,112.65
1967,Jul,118.61
1967,Aug,124.12
1967,Sep,122.18
1967,Oct,123.7
1967,Nov,127.01
1967,Dec,129.96
1968,Jan,144.27
1968,Feb,149.15
1968,Mar,152.19
1968,Apr,160.18
1968,May,163.84
1968,Jun,166.76
1968,Jul,161.82
1968,Aug,163.97
1968,Sep,168.6
1968,Oct,176.7
1968,Nov,171.28
1968,Dec,163.53
1969,Jan,161.16
1969,Feb,152.15
1969,Mar,141.21
1969,Apr,136.49
1969,May,136.31
1969,Jun,139.17
1969,Jul,136.91
1969,Aug,138.21
1969,Sep,142.31
1969,Oct,150.25
1969,Nov,146.31
1969,Dec,142.84
1970,Jan,139.58
1970,Feb,124.49
1970,Mar,121.86
1970,Apr,125.78
1970,May,129.44
1970,Jun,132.33
1970,Jul,140.99
1970,Aug,132.71
1970,Sep,133.61
1970,Oct,136.7
1970,Nov,135.52
1970,Dec,135.13
1971,Jan,146.7
1971,Feb,163.54
1971,Mar,164.36
1971,Apr,176.04
1971,May,179.33
1971,Jun,184.92
1971,Jul,180.73
1971,Aug,176.56
1971,Sep,187.66
1971,Oct,198.28
1971,Nov,205
1971,Dec,214.39
1972,Jan,222.68
1972,Feb,224.15
1972,Mar,211.61
1972,Apr,216.05
1972,May,223.73
1972,Jun,209.48
1972,Jul,206.16
1972,Aug,214.22
1972,Sep,221.39
1972,Oct,210.48
1972,Nov,192.88
1972,Dec,187.48
1973,Jan,190.98
1973,Feb,188.89
1973,Mar,195.23
1973,Apr,184.24
1973,May,178.68
1973,Jun,176.49
1973,Jul,184.09
1973,Aug,175.09
1973,Sep,144.97
1973,Oct,145.1
1973,Nov,142.24
1973,Dec,130.57
1974,Jan,126
1974,Feb,126.65
1974,Mar,111.72
1974,Apr,105.86
1974,May,92.52
1974,Jun,83.73
1974,Jul,78.97
1974,Aug,72.36
1974,Sep,65.26
1974,Oct,77.72
1974,Nov,112.36
1974,Dec,124.48
1975,Jan,131.13
1975,Feb,143.85
1975,Mar,143.76
1975,Apr,133.55
1975,May,129.09
1975,Jun,142.91
1975,Jul,147.61
1975,Aug,156.59
1975,Sep,154.28
1975,Oct,166.68
1975,Nov,167.79
1975,Dec,165.73
1976,Jan,166.44
1976,Feb,167.72
1976,Mar,156.16
1976,Apr,157.7
1976,May,150.86
1976,Jun,142.08
1976,Jul,124.56
1976,Aug,129.19
1976,Sep,141.53
1976,Oct,160.39
1976,Nov,166.9
1976,Dec,175.16
1977,Jan,174.52
1977,Feb,190.07
1977,Mar,187.14
1977,Apr,186.86
1977,May,199.78
1977,Jun,219.01
1977,Jul,223.09
1977,Aug,208.9
1977,Sep,211.56
1977,Oct,211.89
1977,Nov,199.78
1977,Dec,200.25
1978,Jan,204.3
1978,Feb,215.28
1978,Mar,213.22
1978,Apr,216.64
1978,May,233.33
1978,Jun,234.73
1978,Jul,227.82
1978,Aug,218.53
1978,Sep,224.4
1978,Oct,223.62
1978,Nov,225.09
1978,Dec,255
1979,Jan,269.95
1979,Feb,269.52
1979,Mar,253.54
1979,Apr,244.78
1979,May,246.09
1979,Jun,249.93
1979,Jul,251.71
1979,Aug,226
1979,Sep,230.77
1979,Oct,240.85
1979,Nov,257.99
1979,Dec,248.54
1980,Jan,246.1
1980,Feb,249.3
1980,Mar,261.2
1980,Apr,280.9
1980,May,282.58
1980,Jun,292.27
1980,Jul,298.43
1980,Aug,305.05
1980,Sep,292.72
1980,Oct,284.73
1980,Nov,295.2
1980,Dec,301.24
1981,Jan,320.72
1981,Feb,321.52
1981,Mar,316.97
1981,Apr,315.44
1981,May,329.62
1981,Jun,308.65
1981,Jul,286.5
1981,Aug,304.88
1981,Sep,310.04
1981,Oct,314.64
1981,Nov,325.61
1981,Dec,322.41
1982,Jan,323.05
1982,Feb,332.57
1982,Mar,330.27
1982,Apr,329.5
1982,May,336.1
1982,Jun,356.9
1982,Jul,373.12
1982,Aug,383.35
1982,Sep,379.4
1982,Oct,391.38
1982,Nov,404.79
1982,Dec,412.48
1983,Jan,433.22
1983,Feb,426.87
1983,Mar,448.23
1983,Apr,443.47
1983,May,455.83
1983,Jun,448.56
1983,Jul,435.02
1983,Aug,451.84
1983,Sep,464.97
1983,Oct,491.58
1983,Nov,490.55
1983,Dec,515.64
1984,Jan,524.38
1984,Feb,514.08
1984,Mar,492.26
1984,Apr,475.6
1984,May,507.28
1984,Jun,524.33
1984,Jul,532.49
1984,Aug,553.29
1984,Sep,577.75
1984,Oct,604.8
1984,Nov,614.38
1984,Dec,622.08
1985,Jan,620.17
1985,Feb,635.42
1985,Mar,621.06
1985,Apr,599.86
1985,May,626.83
1985,Jun,633.18
1985,Jul,647.36
1985,Aug,684.04
1985,Sep,674.53
1985,Oct,679.26
1985,Nov,720.86
1985,Dec,787.15
1986,Jan,816.1
1986,Feb,790.94
1986,Mar,795.16
1986,Apr,792.74
1986,May,783.83
1986,Jun,802.27
1986,Jul,788.06
1986,Aug,812.49
1986,Sep,817.98
1986,Oct,879.44
1986,Nov,951.02
1986,Dec,1001
1987,Jan,988.88
1987,Feb,1069.71
1987,Mar,1132.35
1987,Apr,1200.09
1987,May,1149.18
1987,Jun,1174.25
1987,Jul,1077.13
1987,Aug,827.92
1987,Sep,844.74
1987,Oct,901.6
1987,Nov,896.46
1987,Dec,927.96
1988,Jan,918.65
1988,Feb,920.66
1988,Mar,954.74
1988,Apr,965.18
1988,May,954.36
1988,Jun,919.36
1988,Jul,957.55
1988,Aug,948.92
1988,Sep,914.63
1988,Oct,976.16
1988,Nov,1059.28
1988,Dec,1076.81
1989,Jan,1066.84
1989,Feb,1099.89
1989,Mar,1101.7
1989,Apr,1148.56
1989,May,1195.36
1989,Jun,1204.37
1989,Jul,1110.88
1989,Aug,1108.38
1989,Sep,1175.26
1989,Oct,1184.51
1989,Nov,1146.53
1989,Dec,1115.82
1990,Jan,1087.87
1990,Feb,1100.35
1990,Mar,1170.76
1990,Apr,1162.07
1990,May,1075.21
1990,Jun,1008.65
1990,Jul,1009.41
1990,Aug,1007
1990,Sep,1040.25
1990,Oct,1010.79
1990,Nov,1095.3
1990,Dec,1190.9
1991,Jan,1217.27
1991,Feb,1203.75
1991,Mar,1198.76
1991,Apr,1208.52
1991,May,1244.49
1991,Jun,1265.42
1991,Jul,1245.25
1991,Aug,1210.28
1991,Sep,1156.9
1991,Oct,1203.08
1991,Nov,1218.7
1991,Dec,1199.04
1992,Jan,1225.16
1992,Feb,1310.73
1992,Mar,1260.28
1992,Apr,1171.62
1992,May,1114.82
1992,Jun,1156.91
1992,Jul,1221.44
1992,Aug,1284.96
1992,Sep,1324.08
1992,Oct,1351.6
1992,Nov,1384.99
1992,Dec,1415.4
1993,Jan,1393.7
1993,Feb,1397.1
1993,Mar,1419.94
1993,Apr,1413.38
1993,May,1498.55
1993,Jun,1505.06
1993,Jul,1544.8
1993,Aug,1535.11
1993,Sep,1628.88
1993,Oct,1710.35
1993,Nov,1709.09
1993,Dec,1619.8
1994,Jan,1582.06
1994,Feb,1559.27
1994,Mar,1497.44
1994,Apr,1517.7
1994,May,1591.47
1994,Jun,1554.01
1994,Jul,1516.65
1994,Aug,1533.46
1994,Sep,1502.42
1994,Oct,1501.87
1994,Nov,1506.17
1994,Dec,1511.04
1995,Jan,1566.98
1995,Feb,1614.69
1995,Mar,1643.59
1995,Apr,1680.8
1995,May,1718.13
1995,Jun,1743.26
1995,Jul,1739.84
1995,Aug,1755.17
1995,Sep,1783.3
1995,Oct,1818.72
1995,Nov,1839.78
1995,Dec,1836.04
1996,Jan,1892.47
1996,Feb,1889.96
1996,Mar,1875.05
1996,Apr,1844.67
1996,May,1899.46
1996,Jun,1938.37
1996,Jul,1973.94
1996,Aug,1951.91
1996,Sep,1976.41
1996,Oct,2041.99
1996,Nov,2105.82
1996,Dec,2121.89
1997,Jan,2092.74
1997,Feb,2203.4
1997,Mar,2207.24
1997,Apr,2269.94
1997,May,2324.27
1997,Jun,2357.8
1997,Jul,2422.75
1997,Aug,2293.45
1997,Sep,2388.17
1997,Oct,2455.05
1997,Nov,2624.19
1997,Dec,2740.51
1998,Jan,2799.69
1998,Feb,2814.73
1998,Mar,2775.66
1998,Apr,2804.19
1998,May,2597.71
1998,Jun,2397.79
1998,Jul,2338
1998,Aug,2571.19
1998,Sep,2595.88
1998,Oct,2715.41
1998,Nov,2757.57
1998,Dec,2841.78
1999,Jan,2976.58
1999,Feb,2935.82
1999,Mar,2982.44
1999,Apr,3000.9
1999,May,2920.81
1999,Jun,2880.46
1999,Jul,2835.95
1999,Aug,3024.26
1999,Sep,3146.68
1999,Oct,3072.11
1999,Nov,2947.1
1999,Dec,3126.1
2000,Jan,3000.08
2000,Feb,2959.31
2000,Mar,3076.22
2000,Apr,3085.7
2000,May,3114.63
2000,Jun,3112.47
2000,Jul,3015.93
2000,Aug,3050.28
2000,Sep,2989.69
2000,Oct,2979.84
2000,Nov,2955.31
2000,Dec,2759.72
2001,Jan,2771.56
2001,Feb,2841.85
2001,Mar,2786.32
2001,Apr,2640.55
2001,May,2633.13
2001,Jun,2356.57
2001,Jul,2418.85
2001,Aug,2522.94
2001,Sep,2507.59
2001,Oct,2513.48
2001,Nov,2476.01
2001,Dec,2543.59
2002,Jan,2531.1
2002,Feb,2514.06
2002,Mar,2309.21
2002,Apr,2060.92
2002,May,2055.28
2002,Jun,1917.23
2002,Jul,1902.65
2002,Aug,1969.92
2002,Sep,1900.53
2002,Oct,1827.42
2002,Nov,1755.44
2002,Dec,1747.64
2003,Jan,1853.45
2003,Feb,1932.87
2003,Mar,2009.1
2003,Apr,2002.8
2003,May,2063.75
2003,Jun,2098.54
2003,Jul,2125.031483
2003,Aug,2150.809261
2003,Sep,2168.867574
2003,Oct,2217.149076
2003,Nov,2217.574862
2003,Dec,2222.627283
2004,Jan,2253.520917
2004,Feb,2210.477562
2004,Mar,2227.312923
2004,Apr,2174.716025
2004,May,2175.482822
2004,Jun,2265.366162
2004,Jul,2305.579686
2004,Aug,2359.539941
2004,Sep,2372.413597
2004,Oct,2422.626673
2004,Nov,2509.710305
2004,Dec,2491.399016
2005,Jan,2451.259431
2005,Feb,2456.728225
2005,Mar,2529.124744
2005,Apr,2615.173489
2005,May,2661.663127
2005,Jun,2705.650011
2005,Jul,2652.683546
2005,Aug,2744.601889
2005,Sep,2805.810254
2005,Oct,2896.557725
2005,Nov,2958.066485
2005,Dec,3029.005462
2006,Jan,3088.096904
2006,Feb,2983.542619
2006,Mar,2883.70619
2006,Apr,2961.233537
2006,May,2985.380436
2006,Jun,3010.917422
2006,Jul,3123.594736
2006,Aug,3168.895259
2006,Sep,3189.64431
2006,Oct,3228.903077
2006,Nov,3297.882
2006,Dec,3224.769435
2007,Jan,3347.367707
2007,Feb,3414.783749
2007,Mar,3410.396599
2007,Apr,3389.278321
2007,May,3193.047114
2007,Jun,3268.337955
2007,Jul,3390.357314
2007,Aug,3241.771279
2007,Sep,3267.132322
2007,Oct,3067.703742
2007,Nov,3023.099346
2007,Dec,2909.31599
2008,Jan,3057.157817
2008,Feb,3150.166776
2008,Mar,2940.68684
2008,Apr,2726.498482
2008,May,2783.14522
2008,Jun,2666.035406
2008,Jul,2162.572409
2008,Aug,2110.7337
2008,Sep,2128.799894
2008,Oct,2144.350394
2008,Nov,2046.216102
2008,Dec,1902.034702
2009,Jan,2066.416633
2009,Feb,2243.294454
2009,Mar,2220.394276
2009,Apr,2233.326864
2009,May,2438.940198
2009,Jun,2586.284376
2009,Jul,2650.724019
2009,Aug,2680.734065
2009,Sep,2708.093154
2009,Oct,2767.625696
2009,Nov,2679.391563
2009,Dec,2875.718708
2010,Jan,2939.476457
2010,Feb,2694.795665
2010,Mar,2653.190841
2010,Apr,2664.563131
2010,May,2723.351272
2010,Jun,2846.49068
2010,Jul,2939.959696
2010,Aug,2961.796309
2010,Sep,3039.818419
2010,Oct,3098.658198
2010,Nov,3121.948234
2010,Dec,3042.255482
2011,Jan,3116.624725
2011,Feb,3093.18069
2011,Mar,3023.400039
2011,Apr,3077.657047
2011,May,2737.669151
2011,Jun,2711.428657
2011,Jul,2790.381374
2011,Aug,2783.982857
2011,Sep,2814.190267
2011,Oct,2929.718728
2011,Nov,3047.492716
2011,Dec,3050.798262
2012,Jan,2977.599251
2012,Feb,2837.917485
2012,Mar,2842.794837
2012,Apr,2924.912617
2012,May,3010.363201
2012,Jun,3028.817592
2012,Jul,3046.317228
2012,Aug,3024.292767
2012,Sep,3099.078383
2012,Oct,3229.891715
2012,Nov,3321.632536
2012,Dec,3392.141143
2013,Jan,3352.752226
2013,Feb,3503.287216
2013,Mar,3328.044546
2013,Apr,3453.322192
2013,May,3468.474783
2013,Jun,3488.818623
2013,Jul,3502.993137
2013,Aug,3563.542546
2013,Sep,3514.579829
2013,Oct,3598.080001
2013,Nov,3594.50795
2013,Dec,3573.186846
2014,Jan,3570.616414
2014,Feb,3643.017524
2014,Mar,3631.395982
2014,Apr,3610.25243
2014,May,3582.209931
2014,Jun,3613.831843
2014,Jul,3422.728233
2014,Aug,3550.822384
2014,Sep,3511.379133
2014,Oct,3556.353487
2014,Nov,3699.288109
2014,Dec,3716.745635
2015,Jan,3788.378244
2015,Feb,3786.248899
2015,Mar,3699.498336
2015,Apr,3626.644194
2015,May,3535.06836
2015,Jun,3354.604632
2015,Jul,3472.284356
2015,Aug,3459.869055
2015,Sep,3401.179443
2015,Oct,3264.116949
2015,Nov,3228.440609
2015,Dec,3381.024174
2016,Jan,3438.409499
2016,Feb,3389.067639
2016,Mar,3383.922858
2016,Apr,3599.711172
2016,May,3712.157901
2016,Jun,3716.992908
2016,Jul,3807.125296
2016,Aug,3700.175156
2016,Sep,3779.29673
2016,Oct,3910.928311
2016,Nov,3938.935472
2016,Dec,4004.409985
2017,Jan,3978.099365
